Frame,keyboard-lt_x,keyboard-lt_y,keyboard-lb_x,keyboard-lb_y,keyboard-rt_x,keyboard-rt_y,keyboard-rb_x,keyboard-rb_y
0,110.32525062561035,268.39672565460205,169.15493488311768,407.0389750599861,697.6740646362305,174.34478759765625,844.6007537841797,271.40038669109344
1,106.00313186645508,271.57181203365326,171.94257259368896,412.43035197257996,693.7641334533691,171.52077555656433,845.0629234313965,268.29543471336365
2,101.85751676559448,274.9232643842697,175.2029514312744,417.8793829679489,689.5944786071777,168.71411204338074,845.2066040039062,265.0856351852417
3,97.9116153717041,278.44950556755066,178.954496383667,423.3666595816612,685.1655578613281,165.93512892723083,845.0216674804688,261.77940487861633
4,94.18946027755737,282.1475422382355,183.2136869430542,428.8708019256592,680.4793167114258,163.19464087486267,844.4988441467285,258.3863353729248
5,90.71572780609131,286.012659072876,187.99487113952637,434.36841040849686,675.5391311645508,160.50355911254883,843.6308670043945,254.91691946983337
6,87.51532316207886,290.0386440753937,193.30945014953613,439.8343554139137,670.3496932983398,157.87327766418457,842.4120712280273,251.38290524482727
7,84.61320877075195,294.2174023389816,199.1658639907837,445.2418255805969,664.9171257019043,155.31538367271423,840.8382797241211,247.79700636863708
8,82.03426837921143,298.5390365123749,205.56871891021729,450.56263357400894,659.249095916748,152.84120678901672,838.9073181152344,244.17245149612427
9,79.80316400527954,302.9919111728668,212.51943111419678,455.76748967170715,653.3545875549316,150.4624307155609,836.6191291809082,240.52372455596924
10,77.94352054595947,307.56229877471924,220.01451015472412,460.82604199647903,647.2440719604492,148.1900954246521,833.9756011962891,236.8654704093933
11,76.47796154022217,312.23491072654724,228.0465030670166,465.7077857851982,640.9295654296875,146.03524088859558,830.9806251525879,233.21304202079773
12,75.42815208435059,316.99265599250793,236.60340785980225,470.3820875287056,634.4241142272949,144.00832772254944,827.6400947570801,229.582017660141
13,74.81340408325195,321.8166893720627,245.66800117492676,474.8186959326267,627.7423667907715,142.11926937103271,823.9619636535645,225.98813652992249
14,74.65154886245728,326.6867333650589,255.21889686584473,478.9881683886051,620.899829864502,140.37711024284363,819.9563026428223,222.44678378105164
15,74.95772123336792,331.58133566379547,265.2296447753906,482.8625428676605,613.9132690429688,138.790283203125,815.6350135803223,218.97353768348694
16,75.74466705322266,336.4776760339737,275.66951751708984,486.41541838645935,606.8002510070801,137.36596584320068,811.0117149353027,215.5830430984497
17,76.01614236831665,341.6730773448944,285.8547592163086,490.712993144989,599.8824691772461,135.55679440498352,806.8301010131836,212.04925417900085
18,76.71652793884277,346.92530393600464,296.4712715148926,494.7770869731903,592.8254699707031,133.86484622955322,802.3751449584961,208.5603654384613
19,77.92503118515015,352.19223976135254,307.5325012207031,498.51060524582863,585.6243896484375,132.3336696624756,797.6106262207031,205.1454734802246
20,79.65407609939575,357.44857013225555,319.0023708343506,501.886181384325,578.2970237731934,130.97111821174622,792.550163269043,201.81970596313477
21,81.91299676895142,362.66791820526123,330.840482711792,504.8787260055542,570.8619689941406,129.7841441631317,787.2089767456055,198.59748244285583
22,84.70738649368286,367.8231990337372,343.0022621154785,507.46630400419235,563.338508605957,128.77838015556335,781.604061126709,195.49251437187195
23,88.0387830734253,372.88731157779694,355.4395580291748,509.63068172335625,555.7466697692871,127.95836448669434,775.7536125183105,192.5176441669464
24,91.905198097229,377.83294558525085,368.1014156341553,511.35700710117817,548.1067085266113,127.32738018035889,769.6770286560059,189.68461990356445
25,96.30045890808105,382.63335406780243,380.93461990356445,512.6346988230944,540.4389953613281,126.88729405403137,763.3947944641113,187.0039987564087
26,101.21423006057739,387.26270735263824,393.8844394683838,513.4573437273502,532.7640724182129,126.63871765136719,756.9281959533691,184.48501825332642
27,106.63199186325073,391.6963666677475,406.89528465270996,513.8229985535145,525.1022529602051,126.58071756362915,750.2989768981934,182.13549971580505
28,112.53594160079956,395.91139912605286,419.9118232727051,513.7338238209486,517.4733352661133,126.71155571937561,743.529109954834,179.96197700500488
29,118.90382051467896,399.88659381866455,432.8792667388916,513.1963473558426,509.8967170715332,127.02769160270691,736.6410827636719,177.96934247016907
30,124.87066268920898,404.3300700187683,445.79795837402344,513.4382691979408,502.34619140625,126.94188237190247,730.0683975219727,175.72227358818054
31,131.17960453033447,408.6901107430458,458.7257194519043,513.4508460760117,494.802188873291,126.93727970123291,723.4189796447754,173.56037020683289
32,137.96656608581543,412.81946271657944,471.611852645874,513.019015789032,487.28588104248047,127.11700916290283,716.6340065002441,171.56606197357178
33,145.20790100097656,416.69652074575424,484.4033432006836,512.1497728675604,479.81637954711914,127.47862458229065,709.7343635559082,169.7448205947876
34,152.87657260894775,420.30171543359756,497.04883575439453,510.8535598218441,472.41222381591797,128.0185854434967,702.7409934997559,168.1005084514618
35,160.9425687789917,423.6180040240288,509.49926376342773,509.14463728666306,465.0912666320801,128.73209595680237,695.6745529174805,166.63573265075684
36,169.37275886535645,426.63109570741653,521.7083358764648,507.0408084243536,457.8706741333008,129.61345911026,688.5558128356934,165.35184502601624
37,178.13190937042236,429.3295079469681,533.6333656311035,504.5625016093254,450.7665252685547,130.65604448318481,681.4045715332031,164.24878120422363
38,187.18276977539062,431.7047354578972,545.2352142333984,501.73304200172424,443.79398345947266,131.85215950012207,674.2405700683594,163.32528591156006
39,196.4868450164795,433.7510731816292,556.4789199829102,498.5772795975208,436.9669532775879,133.19369316101074,667.0822334289551,162.57891297340393
40,206.0046672821045,435.46605080366135,567.333984375,495.1223275065422,430.2983093261719,134.67172980308533,659.9475860595703,162.00621843338013
41,215.48654079437256,437.25377798080444,578.0195045471191,491.8535301089287,423.6752128601074,136.04889392852783,652.9206848144531,161.38620972633362
42,224.82491970062256,439.43228155374527,588.7776374816895,489.0889182686806,416.9699764251709,137.16428518295288,646.0149192810059,160.55132389068604
43,234.39308166503906,441.2940216064453,599.1862106323242,486.0235798358917,410.39294242858887,138.42042803764343,639.1034889221191,159.87959146499634
44,244.15297508239746,442.8355059027672,609.217586517334,482.68101900815964,403.95718574523926,139.8100483417511,632.2032737731934,159.3690812587738
45,254.0661334991455,444.05559182167053,618.8475036621094,479.08561304211617,397.67483711242676,141.32500290870667,625.3304672241211,159.01660680770874
46,264.0941047668457,444.9561783671379,628.0561065673828,475.2629381418228,391.5568542480469,142.95708417892456,618.5002899169922,158.81849884986877
47,274.1986656188965,445.5416026711464,636.8275451660156,471.23897284269333,385.61305046081543,144.6973443031311,611.7272186279297,158.7699294090271
48,284.34245109558105,445.8183020353317,645.1495170593262,467.03953474760056,379.85215187072754,146.5368354320526,605.0247573852539,158.86568427085876
49,294.4896697998047,445.79534500837326,653.0139541625977,462.6907432079315,374.28171157836914,148.46635222434998,598.4052658081055,159.0998411178589
50,304.6054172515869,445.4831439256668,660.4159355163574,458.2175186276436,368.90793800354004,150.476496219635,591.8803596496582,159.4658660888672
51,314.6366214752197,445.0747615098953,667.5107574462891,453.7960258126259,363.65235328674316,152.47576117515564,585.4545021057129,159.86488223075867
52,324.5409679412842,445.31392335891724,674.9759101867676,450.0224071741104,358.1466293334961,154.1361665725708,579.0756797790527,159.91847276687622
53,334.4454860687256,445.2729660272598,682.027416229248,446.1048746109009,352.80924797058105,155.88746666908264,572.7587699890137,160.10090589523315
54,344.31753158569336,444.96005684137344,688.6592674255371,442.06501722335815,347.64756202697754,157.72167921066284,566.5151023864746,160.40738582611084
55,354.1263771057129,444.38482761383057,694.8688888549805,437.92386084795,342.6680660247803,159.63075757026672,560.3554344177246,160.83266615867615
56,363.84246826171875,443.5586965084076,700.6561088562012,433.7020692229271,337.8761386871338,161.6065263748169,554.289665222168,161.37114644050598
57,373.4388828277588,442.49402314424515,706.0236167907715,429.41928416490555,333.27627182006836,163.64100337028503,548.3264923095703,162.01700091362
58,382.89021492004395,441.2046155333519,710.976448059082,425.0946083664894,328.8720703125,165.7261097431183,542.4743270874023,162.76392102241516
59,392.1734046936035,439.70457941293716,715.521354675293,420.74555933475494,324.6658515930176,167.85395979881287,536.7401504516602,163.60556602478027
60,401.26779556274414,438.0092677474022,719.6674346923828,416.3891315460205,320.6594467163086,170.01689314842224,531.1305999755859,164.53536987304688
61,410.39257049560547,437.05649077892303,724.4068336486816,412.6232135295868,316.2666320800781,171.8523609638214,525.4625701904297,165.0768756866455
62,419.3916893005371,435.90979009866714,728.7940979003906,408.8166841864586,312.0384120941162,173.73636603355408,519.8796272277832,165.7064437866211
63,428.23988914489746,434.5638710260391,732.8160095214844,404.9738484621048,307.988977432251,175.66871523857117,514.3927574157715,166.42787218093872
64,436.9167995452881,433.0307149887085,736.4782333374023,401.10939145088196,304.12144660949707,177.64261722564697,509.00882720947266,167.23588228225708
65,445.40465354919434,431.32337361574173,739.7884368896484,397.23733842372894,300.43816566467285,179.6512484550476,503.73435974121094,168.12516331672668
66,453.6869430541992,429.45493072271347,742.7552604675293,393.3705961704254,296.94056510925293,181.6880750656128,498.5748481750488,169.09021139144897
67,461.74967765808105,427.43886440992355,745.3886604309082,389.5212346315384,293.62950325012207,183.74669194221497,493.5354995727539,170.1255226135254
68,469.5808410644531,425.28878152370453,747.6998519897461,385.7003581523895,290.5049514770508,185.82098364830017,488.62043380737305,171.22559309005737
69,477.4134063720703,423.48349660634995,750.2569198608398,382.1556258201599,287.2023582458496,187.74573683738708,483.6811065673828,172.14268326759338
70,485.2057456970215,421.8312665820122,752.8635406494141,378.76530826091766,283.8390827178955,189.59678292274475,478.74661445617676,172.97547698020935
71,492.80256271362305,420.03681242465973,755.1700401306152,375.37687361240387,280.64629554748535,191.47563815116882,473.9124870300293,173.87795448303223
72,500.19155502319336,418.1114637851715,757.1845436096191,372.0005249977112,277.6252269744873,193.3768630027771,469.1836738586426,174.84580278396606
73,507.3620796203613,416.0666146874428,758.9159202575684,368.64554822444916,274.7769069671631,195.29501795768738,464.5649242401123,175.87432265281677
74,514.3049240112305,413.91372352838516,760.3738403320312,365.32061755657196,272.1013355255127,197.22463130950928,460.06004333496094,176.95871829986572
75,521.0128784179688,411.6642889380455,761.568660736084,362.0335865020752,269.59808349609375,199.16074633598328,455.67246437072754,178.09441924095154
76,527.4801063537598,409.3295681476593,762.5110816955566,358.7916165590286,267.26612091064453,201.09840631484985,451.4050483703613,179.2767584323883
77,534.129467010498,407.44455724954605,763.9168167114258,355.8115482330322,264.596471786499,202.8773546218872,447.00963020324707,180.2189540863037
78,540.6258773803711,405.5215099453926,765.1626777648926,352.8761386871338,262.0242691040039,204.65244054794312,442.6822757720947,181.18133068084717
79,546.9113159179688,403.50298941135406,766.168327331543,349.9642252922058,259.61222648620605,206.43972516059875,438.4562015533447,182.19597816467285
80,552.9792022705078,401.39860332012177,766.9422912597656,347.08264768123627,257.3605155944824,208.23447704315186,434.33509826660156,183.25880885124207
81,558.8242721557617,399.2178547382355,767.4933815002441,344.23745691776276,255.26873588562012,210.0323510169983,430.3219985961914,184.36596035957336
82,564.4425773620605,396.9701260328293,767.830867767334,341.43426954746246,253.33605766296387,211.8290662765503,426.419734954834,185.51334500312805
83,569.831485748291,394.66473519802094,767.9643058776855,338.6781710386276,251.5609645843506,213.62076044082642,422.63033866882324,186.6972291469574
84,575.3420448303223,392.63653457164764,768.3884239196777,336.07650339603424,249.56385612487793,215.3204333782196,418.7516784667969,187.7315104007721
85,580.7876586914062,390.66808819770813,768.8041877746582,333.5455012321472,247.56643295288086,216.9913637638092,414.88964080810547,188.73563289642334
86,586.0277938842773,388.6326617002487,769.0229415893555,331.0450118780136,245.71846961975098,218.6656415462494,411.12545013427734,189.7810184955597
87,591.0593605041504,386.5381246805191,769.0526390075684,328.5797506570816,244.01970863342285,220.33950090408325,407.4620246887207,190.8642876148224
88,595.8794403076172,384.3924593925476,768.9011192321777,326.1542719602585,242.46912002563477,222.00920820236206,403.9017391204834,191.9819962978363
89,600.486946105957,382.20306873321533,768.5766220092773,323.77222895622253,241.06558799743652,223.67125511169434,400.44673919677734,193.13066840171814
90,604.8885154724121,379.98332619667053,768.0965995788574,321.438707113266,239.79957103729248,225.32113552093506,397.0942497253418,194.30373787879944
91,609.5565032958984,378.07579278945923,768.0288505554199,319.23203229904175,238.1967258453369,226.88848972320557,393.5691547393799,195.3027105331421
92,614.0319442749023,376.1172115802765,767.7930450439453,317.0561921596527,236.73422813415527,228.4548783302307,390.13672828674316,196.33657336235046
93,618.3127784729004,374.11419689655304,767.3959922790527,314.9149042367935,235.41154861450195,230.01708269119263,386.79948806762695,197.4023973941803
94,622.397632598877,372.0733952522278,766.8446159362793,312.8115963935852,234.22762870788574,231.57181978225708,383.5595512390137,198.49702835083008
95,626.2861633300781,370.001163482666,766.146240234375,310.74931025505066,233.18113803863525,233.11606407165527,380.4187202453613,199.61763381958008
96,629.9787712097168,367.90364921092987,765.3079032897949,308.730765581131,232.27064609527588,234.64707970619202,377.37865447998047,200.76128482818604
97,633.8242149353027,365.99234998226166,764.714527130127,306.7893075942993,231.15500450134277,236.1313283443451,374.232816696167,201.801198720932
98,637.6039123535156,364.1148465871811,764.1050148010254,304.89155888557434,230.05881786346436,237.59855031967163,371.10840797424316,202.82749772071838
99,641.2027931213379,362.20526933670044,763.3576011657715,303.02786350250244,229.09418106079102,239.05779004096985,368.0749225616455,203.88025403022766
100,644.6205139160156,360.2692347764969,762.4782943725586,301.2009412050247,228.2602071762085,240.50631165504456,365.13427734375,204.95682835578918
101,647.8573608398438,358.312069773674,761.473388671875,299.4131577014923,227.55532264709473,241.94150805473328,362.2880744934082,206.05464577674866
102,650.914192199707,356.3389080762863,760.349292755127,297.66655683517456,226.97789669036865,243.36077213287354,359.53771591186523,207.1709704399109
103,654.1885757446289,354.54800248146057,759.5079231262207,295.97586393356323,226.14817142486572,244.7456932067871,356.64161682128906,208.18230271339417
104,657.3433685302734,352.75526225566864,758.5918807983398,294.31880593299866,225.39753913879395,246.11905932426453,353.8022804260254,209.2021644115448
105,660.3304481506348,350.9407961368561,757.5569915771484,292.6954632997513,224.77128982543945,247.4809992313385,351.0506343841553,210.24365544319153
106,663.1500434875488,349.1091585159302,756.408805847168,291.10775113105774,224.26839351654053,248.82893800735474,348.38839530944824,211.30423307418823
107,665.8031845092773,347.26487159729004,755.1528739929199,289.5575523376465,223.8872194290161,250.16078352928162,345.81685066223145,212.38167643547058
108,668.4682846069336,345.48809587955475,753.9640045166016,288.0466693639755,223.4575366973877,251.47219061851501,343.22659492492676,213.42464804649353
109,671.2233924865723,343.8010400533676,752.904052734375,286.5686970949173,222.91121006011963,252.76763319969177,340.5659866333008,214.41779494285583
110,673.8225746154785,342.09636211395264,751.7362976074219,285.1219457387924,222.48423099517822,254.05052304267883,337.988977432251,215.430189371109
111,676.2661170959473,340.37823021411896,750.4656028747559,283.7083464860916,222.17556953430176,255.3188967704773,335.4971981048584,216.45990014076233
112,678.5549354553223,338.650506734848,749.0968894958496,282.3293477296829,221.98373794555664,256.5704369544983,333.09205055236816,217.50460982322693
113,680.8141708374023,336.9637084007263,747.7484893798828,280.9832113981247,221.7893886566162,257.80507922172546,330.6954860687256,218.5310697555542
114,683.2128524780273,335.3730833530426,746.565055847168,279.6607804298401,221.43678188323975,259.02951836586,328.19698333740234,219.50146079063416
115,685.4657363891602,333.76845717430115,745.2828025817871,278.36773574352264,221.19933128356934,260.2405035495758,325.7786178588867,220.48923254013062
116,687.5731086730957,332.1535634994507,743.906192779541,277.10576713085175,221.076078414917,261.436071395874,323.4421634674072,221.49242162704468
117,689.5359420776367,330.53178191185,742.4396324157715,275.8761942386627,221.06567859649658,262.61406540870667,321.18907928466797,222.50900030136108
118,691.5596008300781,328.97459864616394,741.0669136047363,274.6701818704605,220.9722661972046,263.78111600875854,318.88644218444824,223.4898841381073
119,693.6391067504883,327.4713599681854,739.7730445861816,273.483030796051,220.8058261871338,264.9414074420929,316.53428077697754,224.44138169288635
120,695.5813407897949,325.9572905302048,738.3877944946289,272.323881983757,220.75130939483643,266.08718276023865,314.25976753234863,225.40842533111572
121,697.386589050293,324.4357055425644,736.915168762207,271.1942160129547,220.80774307250977,267.21657514572144,312.06470489501953,226.38924479484558
122,699.059944152832,322.9109340906143,735.3628349304199,270.0949501991272,220.97012042999268,268.32781434059143,309.94786262512207,227.3808789253235
123,700.9794044494629,321.4961761236191,734.0526580810547,269.0001583099365,220.87766647338867,269.44420337677,307.65546798706055,228.30241084098816
124,702.7685165405273,320.0705552101135,732.6537895202637,267.93108344078064,220.89534759521484,270.5468487739563,305.4372024536133,229.23952102661133
125,704.4273376464844,318.63696813583374,731.1697196960449,266.8890130519867,221.02272033691406,271.6337710618973,303.29498291015625,230.19050359725952
126,705.9561538696289,317.19824731349945,729.6040534973145,265.87523460388184,221.25892639160156,272.7031034231186,301.23066902160645,231.15355610847473
127,707.6383781433105,315.83421528339386,728.195743560791,264.8673462867737,221.3305950164795,273.7760889530182,299.0515422821045,232.07016348838806
128,709.2834663391113,314.4846832752228,726.7755889892578,263.87680649757385,221.42632484436035,274.84199345111847,296.8843746185303,232.98380970954895
129,710.8036422729492,313.1271690130234,725.2720069885254,262.91146874427795,221.63103103637695,275.89264154434204,294.7905921936035,233.91132831573486
130,712.1990776062012,311.7643600702286,723.6883735656738,261.97258830070496,221.94402694702148,276.9262146949768,292.77225494384766,234.8510777950287
131,713.7351608276367,310.46540915966034,722.2454452514648,261.0359287261963,222.10644721984863,277.9667401313782,290.6454849243164,235.75069069862366
132,715.2432632446289,309.18074905872345,720.7952499389648,260.1138174533844,222.28737831115723,279.0021961927414,288.5243797302246,236.6471815109253
133,716.630744934082,307.8882032632828,719.2630004882812,259.2154920101166,222.5771141052246,280.0225728750229,286.4747142791748,237.55744814872742
134,717.8976058959961,306.5903466939926,717.6519584655762,258.34223985671997,222.97526836395264,281.02606773376465,284.4985771179199,238.47997784614563
135,719.3659973144531,305.3640568256378,716.2250518798828,257.46052265167236,223.16486835479736,282.0478928089142,282.3683452606201,239.35506463050842
136,720.743236541748,304.1341459751129,714.7358894348145,256.59769892692566,223.43839645385742,283.0592089891434,280.28772354125977,240.2404510974884
137,722.003231048584,302.896671295166,713.1658172607422,255.75772762298584,223.82143020629883,284.05544579029083,278.27722549438477,241.13954901695251
138,723.2475471496582,301.67710840702057,711.6005516052246,254.93030905723572,224.21183109283447,285.04735350608826,276.26606941223145,242.0326280593872
139,724.6139144897461,300.5023169517517,710.1465225219727,254.09767627716064,224.4750738143921,286.0544693470001,274.1528034210205,242.89767265319824
140,725.8661270141602,299.31812703609467,708.6096954345703,253.28583598136902,224.84899520874023,287.0482277870178,272.1063423156738,243.7778127193451
141,727.0033264160156,298.1268882751465,706.9926452636719,252.49614000320435,225.3337526321411,288.02669763565063,270.1293182373047,244.67159986495972
142,728.3110427856445,296.9893527030945,705.5265426635742,251.6936981678009,225.64104080200195,289.0289533138275,268.01459312438965,245.52956342697144
143,729.5565605163574,295.8516240119934,704.0163803100586,250.90442061424255,226.01014137268066,290.02612352371216,265.92799186706543,246.39521956443787
144,730.6894111633301,294.7050601243973,702.4236488342285,250.1355493068695,226.49202346801758,291.0096788406372,263.90788078308105,247.27593898773193
145,731.8975639343262,293.58918607234955,700.9027290344238,249.36310529708862,226.89345359802246,292.0066559314728,261.8178462982178,248.1389558315277
146,733.1398773193359,292.49123990535736,699.4135665893555,248.5901141166687,227.2603940963745,293.0144798755646,259.6841526031494,248.9946985244751
147,734.271240234375,291.3827848434448,697.8394317626953,247.8358232975006,227.7423906326294,294.01036262512207,257.61425971984863,249.86698508262634
148,735.4346466064453,290.293545126915,696.2991714477539,247.08137154579163,228.18998336791992,295.01625537872314,255.50416946411133,250.73090314865112
149,736.6785621643066,289.2286866903305,694.8259162902832,246.31755352020264,228.5562229156494,296.0435199737549,253.31425666809082,251.5816569328308
150,737.8131866455078,288.15172612667084,693.2651710510254,245.57092308998108,229.0401792526245,297.0608228445053,251.18525505065918,252.45062828063965
151,738.9824295043945,287.09156692028046,691.7374992370605,244.82104182243347,229.48855876922607,298.092223405838,249.01159286499023,253.31300139427185
152,740.2337265014648,286.052827835083,690.2752876281738,244.05847907066345,229.854998588562,299.14974331855774,246.75421714782715,254.16436672210693
153,741.3768196105957,285.00021636486053,688.7226676940918,243.31146240234375,230.3424882888794,300.1994901895523,244.5548915863037,255.0358486175537
154,742.5979614257812,283.9691698551178,687.2355651855469,242.5513780117035,230.7492971420288,301.2760806083679,242.27537155151367,255.89622616767883
155,743.8618469238281,282.9487770795822,685.7781600952148,241.78118705749512,231.1180543899536,302.37684309482574,239.93804454803467,256.75496220588684
156,745.0181007385254,281.912596821785,684.2269706726074,241.02477192878723,231.61160945892334,303.472455739975,237.65557765960693,257.6360034942627
157,746.3298797607422,280.9077501296997,682.8024673461914,240.23839116096497,231.94117069244385,304.61713671684265,235.23146152496338,258.4967350959778
158,747.6092147827148,279.89670753479004,681.3409996032715,239.4508194923401,232.3176097869873,305.776526927948,232.80169486999512,259.3713712692261
159,748.8121032714844,278.8732248544693,679.808521270752,238.6696207523346,232.78860569000244,306.94056808948517,230.40069580078125,260.26570558547974
160,750.208625793457,277.8822988271713,678.4305381774902,237.8457748889923,233.0535650253296,308.1719756126404,227.82395839691162,261.1381530761719
161,751.5007781982422,276.86977565288544,676.9511032104492,237.03036189079285,233.44964504241943,309.4072616100311,225.29158115386963,262.0393109321594
162,752.8333282470703,275.8618712425232,675.4967308044434,236.1966347694397,233.81157875061035,310.68023800849915,222.69683361053467,262.9447817802429
163,754.2338562011719,274.8591810464859,674.0848731994629,235.33664345741272,234.1114854812622,312.0024436712265,220.0142240524292,263.8539218902588
164,755.5286979675293,273.83260846138,672.5673294067383,234.48315382003784,234.54943656921387,313.33251893520355,217.37372875213623,264.795184135437
165,756.980037689209,272.8247845172882,671.1701774597168,233.58231782913208,234.82141971588135,314.7403407096863,214.57806587219238,265.72733759880066
166,758.367862701416,271.79621636867523,669.6986389160156,232.6763641834259,235.18734455108643,316.17291390895844,211.78799629211426,266.6891026496887
167,759.7283363342285,270.75390458106995,668.1867027282715,231.75724625587463,235.60375213623047,317.64106929302216,208.97744178771973,267.67436385154724
168,761.1868858337402,269.71418380737305,666.7389106750488,230.7951271533966,235.9255599975586,319.1852009296417,206.0479974746704,268.66673827171326
169,762.5378036499023,268.6445617675781,665.1765632629395,229.8341989517212,236.39835834503174,320.7483547925949,203.15381526947021,269.6997320652008
170,763.9632797241211,267.5718820095062,663.6586761474609,228.83123517036438,236.80500984191895,322.3886114358902,200.1569366455078,270.7465499639511
171,765.3603744506836,266.4777982234955,662.0915222167969,227.8076720237732,237.27201461791992,324.0792238712311,197.13064670562744,271.8263751268387
172,766.666145324707,265.3543281555176,660.4229736328125,226.77812218666077,237.8756332397461,325.8012503385544,194.123797416687,272.94868648052216
173,768.0821228027344,264.22574043273926,658.8248062133789,225.68941354751587,238.37475299835205,327.6281887292862,190.97949028015137,274.08804059028625
174,769.3817710876465,263.0613613128662,657.1006393432617,224.59761500358582,239.04630661010742,329.4854146242142,187.86967277526855,275.2784264087677
175,770.665454864502,261.8734860420227,655.3383636474609,223.47498178482056,239.76914405822754,331.4116644859314,184.7173261642456,276.5072751045227
176,771.9522857666016,260.6613099575043,653.550968170166,222.31346726417542,240.5233383178711,333.4205210208893,181.50338172912598,277.77643740177155
177,773.1123161315918,259.41086411476135,651.6296195983887,221.14831566810608,241.46970748901367,335.4636400938034,178.33046436309814,279.1030526161194
178,774.3110847473145,258.13708305358887,649.7139930725098,219.92931604385376,242.4071216583252,337.6132643222809,175.066237449646,280.47060906887054
179,775.422477722168,256.8260943889618,647.6961708068848,218.69135856628418,243.4944248199463,339.8220634460449,171.80870532989502,281.89692199230194
180,776.4101028442383,255.47561287879944,645.5486869812012,217.44480729103088,244.7782802581787,342.07560181617737,168.58916759490967,283.38641703128815
181,777.4409294128418,254.0953266620636,643.4076690673828,216.13420486450195,246.05612754821777,344.4567918777466,165.2686071395874,284.9279898405075
182,778.3248138427734,252.67149209976196,641.1173057556152,214.8186457157135,247.56637573242188,346.8805968761444,162.0033359527588,286.5410166978836
183,779.1152000427246,251.20768189430237,638.7233734130859,213.4795582294464,249.24513816833496,349.37561452388763,158.75051021575928,288.22308361530304
184,779.8780059814453,249.70386385917664,636.277027130127,212.0913863182068,251.0159397125244,351.98178827762604,155.45233726501465,289.9745446443558
185,780.4765892028809,248.1553065776825,633.6712646484375,210.70038199424744,253.05075645446777,354.63091492652893,152.2271203994751,291.805876493454
186,780.9976387023926,246.5637481212616,630.9756660461426,209.2742943763733,255.2464771270752,357.37312495708466,149.0017604827881,293.71571123600006
187,781.4323997497559,244.92648482322693,628.1824493408203,207.8131878376007,257.6187801361084,360.21018862724304,145.78238010406494,295.70947229862213
188,781.684513092041,243.24419260025024,625.2197456359863,206.35266065597534,260.29083251953125,363.08729231357574,142.6591157913208,297.7915209531784
189,781.8617248535156,241.51487588882446,622.170581817627,204.84964728355408,263.13368797302246,366.07357263565063,139.53563690185547,299.96433556079865
190,781.9057273864746,239.73782658576965,618.9906120300293,203.3244252204895,266.22570991516113,369.1378891468048,136.46676063537598,302.23287284374237
191,781.7471122741699,237.91697144508362,615.6317710876465,201.80486798286438,269.6561622619629,372.2352933883667,133.52369785308838,304.597744345665
192,781.5060997009277,236.0454547405243,612.1821784973145,200.24015307426453,273.2826805114746,375.4498726129532,130.59328079223633,307.0669001340866
193,781.0954284667969,234.1271710395813,608.5792922973633,198.6646556854248,277.21861839294434,378.7253004312515,127.76400089263916,309.6413058042526
194,780.4618263244629,232.16826796531677,604.7889518737793,197.10187196731567,281.53289794921875,382.0212310552597,125.0970983505249,312.3187404870987
195,779.7295761108398,230.15690088272095,600.8981895446777,195.49660205841064,286.08080863952637,385.43172955513,122.47000694274902,315.113285779953
196,778.8019180297852,228.10211420059204,596.8413162231445,193.89023780822754,290.98557472229004,388.8857442140579,119.98835563659668,318.0206447839737
197,777.6318740844727,226.0121476650238,592.5905227661133,192.30556726455688,296.3073921203613,392.3409014940262,117.71294832229614,321.035458445549
198,776.3386917114258,223.87142300605774,588.2252883911133,190.6875514984131,301.909761428833,395.89414715766907,115.52070379257202,324.177183508873
199,774.836483001709,221.69201016426086,583.6906814575195,189.07545804977417,307.90045738220215,399.47412371635437,113.51414680480957,327.43732273578644
200,773.0741500854492,219.48572158813477,578.9583206176758,187.4964201450348,314.3423652648926,403.02796483039856,111.76543235778809,330.8057051897049
201,771.1566925048828,217.23546624183655,574.0948677062988,185.90035557746887,321.1176109313965,406.645969748497,110.16196489334106,334.30474877357483
202,769.0302085876465,214.95164036750793,569.0683364868164,184.31378602981567,328.29319953918457,410.27651131153107,108.77764463424683,337.9263746738434
203,766.6288948059082,212.65207529067993,563.8435363769531,182.77350068092346,335.9447765350342,413.8448444008827,107.7094030380249,341.6516411304474
204,764.033260345459,210.3223192691803,558.4698486328125,181.2410044670105,343.98322105407715,417.42147356271744,106.87103748321533,345.5009061098099
205,761.2442207336426,207.9625654220581,552.9483604431152,179.71600770950317,352.41053581237793,421.0038238763809,106.27235412597656,349.47732388973236
206,758.170280456543,205.6014919281006,547.232723236084,178.25258374214172,361.32373809814453,424.4792425632477,106.05340003967285,353.5457307100296
207,754.8561859130859,203.2328224182129,541.351318359375,176.83135628700256,370.6703567504883,427.88040697574615,106.17368459701538,357.71529972553253
208,751.3818168640137,200.83357572555542,535.3457450866699,175.40777921676636,380.3685665130615,431.29377007484436,106.53515338897705,362.0194888114929
209,747.6177406311035,198.4502935409546,529.1548919677734,174.0624475479126,390.5424499511719,434.54815596342087,107.34238386154175,366.3954859972
210,743.5660171508789,196.0923421382904,522.7869987487793,172.80315041542053,401.1753273010254,437.618764936924,108.61950159072876,370.828018784523
211,739.3985939025879,193.6981165409088,516.3218307495117,171.5247666835785,412.1033477783203,440.722139775753,110.12147426605225,375.4074990749359
212,734.9470138549805,191.33800864219666,509.6872901916504,170.33965945243835,423.46861839294434,443.61430674791336,112.12823867797852,380.03044724464417
213,730.2127075195312,189.02344465255737,502.89276123046875,169.25774216651917,435.24633407592773,446.2651553750038,114.66693878173828,384.6752178668976
214,725.3120613098145,186.7088484764099,495.98819732666016,168.20566177368164,447.328577041626,448.82796585559845,117.56810903549194,389.41075444221497
215,720.1967811584473,184.420645236969,488.95740509033203,167.22114086151123,459.7389507293701,451.21506214141846,120.93007564544678,394.19391095638275
216,714.810791015625,182.19935774803162,481.78882598876953,166.3563859462738,472.48735427856445,453.30457001924515,124.87724304199219,398.9539897441864
217,709.2051887512207,180.02995491027832,474.50775146484375,165.5842638015747,485.5103302001953,455.150603055954,129.34566020965576,403.7096428871155
218,703.4716987609863,177.86222577095032,467.14244842529297,164.83566999435425,498.7419891357422,456.90315037965775,134.1836929321289,408.54241490364075
219,697.4862098693848,175.7824945449829,459.6665954589844,164.22164797782898,512.2111129760742,458.30853402614594,139.64471340179443,413.2982289791107
220,691.2615394592285,173.80099654197693,452.0968437194824,163.74812006950378,525.8638000488281,459.3492043018341,145.7338571548462,417.9490104317665
221,684.9404525756836,171.82342529296875,444.4651222229004,163.29416155815125,539.6334457397461,460.29558420181274,152.18536376953125,422.6572045683861
222,678.4262466430664,169.92815494537354,436.7597007751465,162.95546293258667,553.5121536254883,460.9288376569748,159.20813083648682,427.2743511199951
223,671.700267791748,168.1502366065979,428.9935111999512,162.76829838752747,567.4458503723145,461.16536021232605,166.86590194702148,431.7239508032799
224,664.8280334472656,166.45046710968018,421.18457794189453,162.68152356147766,581.3870429992676,461.12168312072754,175.03934383392334,436.0691374540329
225,657.8704261779785,164.77309942245483,413.33367347717285,162.63108730316162,595.3290367126465,460.942203104496,183.60082626342773,440.4099225997925
226,650.7322883605957,163.22940230369568,405.45750617980957,162.73978114128113,609.1896057128906,460.35111397504807,192.7778434753418,444.52009946107864
227,643.432731628418,161.82687520980835,397.576847076416,163.00927877426147,622.9038047790527,459.3484961986542,202.5470209121704,448.37008863687515
228,636.0963821411133,160.42521715164185,389.6732425689697,163.28669428825378,636.5341758728027,458.28165024518967,212.6180076599121,452.2336605191231
229,628.6419296264648,159.13305759429932,381.77255630493164,163.68754506111145,649.9773216247559,456.8945324420929,223.18828582763672,455.88232308626175
230,621.0599899291992,157.99307584762573,373.9031982421875,164.25129175186157,663.1452369689941,455.1057752966881,234.2937469482422,459.21442329883575
231,613.4020614624023,156.95631623268127,366.06574058532715,164.92315292358398,676.0395812988281,453.0452674627304,245.81279754638672,462.3206064105034
232,605.727710723877,155.91804385185242,358.2198715209961,165.5995523929596,688.7640953063965,450.9451460838318,257.58015632629395,465.41653007268906
233,597.9589462280273,155.03928780555725,350.4393482208252,166.43768906593323,701.1018562316895,448.46797585487366,269.80393409729004,468.14943820238113
234,590.1181411743164,154.32355642318726,342.7466583251953,167.43476271629333,712.9993057250977,445.63186168670654,282.4324893951416,470.49927055835724
235,582.2839164733887,153.6010980606079,335.06189346313477,168.42893958091736,724.669189453125,442.791893184185,295.235652923584,472.82971054315567
236,574.4159889221191,152.9673457145691,327.4342918395996,169.51101779937744,735.9698867797852,439.75916773080826,308.3148765563965,474.9267219007015
237,566.506290435791,152.4988067150116,319.92459297180176,170.7467544078827,746.7526245117188,436.4065968990326,321.69857025146484,476.61248221993446
238,558.5833740234375,152.16052651405334,312.5284481048584,172.09981083869934,757.0399475097656,432.822428047657,335.3002452850342,477.95679196715355
239,550.6915855407715,151.74277782440186,305.1009464263916,173.38791489601135,767.1837043762207,429.38607573509216,348.9521312713623,479.4290189445019
240,542.783031463623,151.48969531059265,297.8163242340088,174.82327222824097,776.759090423584,425.6712618470192,362.8058052062988,480.4753339290619
241,534.8788261413574,151.4008605480194,290.694580078125,176.39947772026062,785.7374382019043,421.7046448588371,376.7973518371582,481.0906232893467
242,527.006893157959,151.3009536266327,283.6065101623535,177.9688274860382,794.4296264648438,417.7872410416603,390.80989837646484,481.6720323264599
243,519.1529846191406,151.22228980064392,276.5693664550781,179.56193089485168,802.7881622314453,413.86114686727524,404.86438751220703,482.14604303240776
244,511.32219314575195,151.30481600761414,269.71386909484863,181.28857612609863,810.5323219299316,409.72288727760315,418.95947456359863,482.1905046701431
245,503.53551864624023,151.54621481895447,263.0591869354248,183.14058780670166,817.6467704772949,405.4014301300049,433.0293273925781,481.8097624182701
246,495.7720756530762,151.60720825195312,256.28334045410156,184.85979795455933,824.8228454589844,401.3814961910248,447.0524311065674,481.7832326889038
247,488.0445671081543,151.81625962257385,249.69414710998535,186.69899940490723,831.404914855957,397.1966063976288,461.03187561035156,481.3582420349121
248,480.3732490539551,152.180095911026,243.3186435699463,188.65700125694275,837.3645973205566,392.8605526685715,474.9052906036377,480.5203065276146
249,472.74916648864746,152.55239725112915,237.01791286468506,190.62459468841553,843.0042457580566,388.57607781887054,488.6631202697754,479.60728392004967
250,465.1399612426758,152.84886717796326,230.6866979598999,192.548189163208,848.5228729248047,384.435573220253,502.3550605773926,478.8128846883774
251,457.59427070617676,153.29654932022095,224.5782995223999,194.58565950393677,853.4370803833008,380.1690101623535,515.8757972717285,477.6213240623474
252,450.1304054260254,153.8916778564453,218.70901107788086,196.72773599624634,857.746639251709,375.8020091056824,529.1682243347168,476.0456094145775
253,442.66719818115234,154.32931780815125,212.72385120391846,198.77363920211792,862.1252632141113,371.6730433702469,542.39501953125,474.7799111902714
254,435.24850845336914,154.83120203018188,206.86956882476807,200.87464570999146,866.1051177978516,367.52874076366425,555.446834564209,473.32333490252495
255,427.9153633117676,155.4775071144104,201.2609052658081,203.07671785354614,869.5065879821777,363.30123603343964,568.2229614257812,471.5007698535919
256,420.6606388092041,156.2013816833496,195.83109855651855,205.33292770385742,872.4766731262207,359.07231509685516,580.7307243347168,469.46859419345856
257,413.3667755126953,156.73728704452515,190.22196292877197,207.49083995819092,875.6258010864258,355.07883846759796,593.2283592224121,467.8177562355995
258,406.158971786499,157.41523146629333,184.8627805709839,209.7476613521576,878.2244110107422,351.0145032405853,605.4148292541504,465.8186602592468
259,399.05473709106445,158.2312560081482,179.76885795593262,212.09354281425476,880.2799987792969,346.90142154693604,617.2445297241211,463.4887593984604
260,391.96935653686523,158.98609399795532,174.6718168258667,214.41715121269226,882.2475242614746,342.9084438085556,628.9144134521484,461.2680271267891
261,384.88160133361816,159.68479871749878,169.55776691436768,216.73052430152893,884.1339111328125,339.0146166086197,640.4576683044434,459.14443373680115
262,377.8963565826416,160.52000641822815,164.71275329589844,219.13179874420166,885.5056571960449,335.07942974567413,651.6219520568848,456.7066517472267
263,371.03041648864746,161.4873719215393,160.1510238647461,221.61080360412598,886.3742065429688,331.12280666828156,662.3699569702148,453.97412180900574
264,364.10356521606445,162.28086590766907,155.40372848510742,224.02430891990662,887.4472045898438,327.34475433826447,673.1234550476074,451.5976148843765
265,357.2329902648926,163.1320059299469,150.8106565475464,226.4884114265442,888.2102394104004,323.5823929309845,683.5893058776855,449.0878075361252
266,350.480375289917,164.1145956516266,146.5052032470703,229.02966499328613,888.4968566894531,319.802827835083,693.6265754699707,446.2985569238663
267,343.8519287109375,165.21012783050537,142.47719764709473,231.63204073905945,888.3527183532715,316.0310196876526,703.2283401489258,443.27843248844147
268,337.0949077606201,166.07900261878967,138.14642429351807,234.1688847541809,888.5699844360352,312.43113577365875,712.9714393615723,440.7210937142372
269,330.45430183410645,167.07900524139404,134.10773277282715,236.7826545238495,888.336124420166,308.8174921274185,722.2791481018066,437.89923816919327
270,323.94633293151855,168.205726146698,130.37481307983398,239.46263194084167,887.6643562316895,305.20661652088165,731.1245727539062,434.832024872303
271,317.52264976501465,169.37914967536926,126.82082176208496,242.17572927474976,886.7435073852539,301.64142966270447,739.6278190612793,431.6871213912964
272,310.9966564178467,170.40181159973145,123.0661153793335,244.87279772758484,886.0419273376465,298.18078458309174,748.1935501098633,428.84980022907257
273,304.6021842956543,171.55144929885864,119.6224594116211,247.63584852218628,884.9254417419434,294.7247904539108,756.2969970703125,425.78070402145386
274,298.3552837371826,172.82307386398315,116.50213479995728,250.4533588886261,883.4090995788574,291.2887519598007,763.9180183410645,422.50002175569534
275,292.16320037841797,174.10573840141296,113.50073575973511,253.2950735092163,881.7547988891602,287.90847659111023,771.2690162658691,419.22535836696625
276,285.88829040527344,175.2849555015564,110.36721467971802,256.1510467529297,880.2405738830566,284.59455370903015,778.6298561096191,416.1686298251152
277,279.76040840148926,176.58673882484436,107.56344079971313,259.06099677085876,878.3469772338867,281.30106925964355,785.5140495300293,412.91211158037186
278,273.7949752807617,178.00584197044373,105.10025024414062,262.0130467414856,876.0896873474121,278.0418795347214,791.9075775146484,409.47579950094223
279,267.87474632263184,179.42723035812378,102.74132966995239,264.9902665615082,873.7424468994141,274.83537912368774,798.0642700195312,406.07395112514496
280,261.87403678894043,180.76586723327637,100.27563571929932,268.001024723053,871.515998840332,271.67249143123627,804.2235946655273,402.85534858703613
281,256.0359477996826,182.22262859344482,98.15744876861572,271.0529977083206,868.9441680908203,268.5434639453888,809.9028396606445,399.46734845638275
282,250.37524223327637,183.7918496131897,96.39588832855225,274.1336327791214,866.0433197021484,265.4608976840973,815.0937080383301,395.9295845031738
283,244.77670669555664,185.37648797035217,94.77260112762451,277.2408699989319,863.0469131469727,262.4262571334839,820.0338935852051,392.41444766521454
284,239.07450199127197,186.8762183189392,93.01785707473755,280.39941251277924,860.2050018310547,259.41565990448,825.0247764587402,389.0889376401901
285,233.55003833770752,188.48963141441345,91.62671327590942,283.58568370342255,857.0498657226562,256.4501881599426,829.5417594909668,385.622096657753
286,228.21776390075684,190.21057963371277,90.60675144195557,286.78647100925446,853.5976409912109,253.54113936424255,833.5808372497559,382.03296303749084
287,222.9971981048584,191.97604179382324,89.80818271636963,290.00571727752686,850.0029373168945,250.68323493003845,837.3067474365234,378.42982828617096
288,217.615385055542,193.6371874809265,88.79879236221313,293.3036595582962,846.6391181945801,247.82211184501648,841.1905860900879,375.0481528043747
289,212.426176071167,195.40757417678833,88.16742897033691,296.6153132915497,842.9914855957031,245.015287399292,844.6137428283691,371.55047714710236
290,207.44389057159424,197.28041052818298,87.91966438293457,299.9264681339264,839.0763473510742,242.27309346199036,847.5757598876953,367.9549866914749
291,202.65943050384521,199.23757553100586,88.02520036697388,303.2294476032257,834.9381637573242,239.59961771965027,850.1152038574219,364.2959761619568
292,197.6149034500122,201.05942845344543,87.78290748596191,306.6593062877655,831.1429595947266,236.8800187110901,852.9776573181152,360.90309977531433
293,192.77740001678467,202.98627376556396,87.9310154914856,310.0885534286499,827.0896911621094,234.22170281410217,855.3973960876465,357.4158042669296
294,188.16018104553223,205.01096606254578,88.47277164459229,313.5027050971985,822.7948951721191,231.63410067558289,857.3775672912598,353.85135769844055
295,183.77606391906738,207.12587714195251,89.4102430343628,316.88713252544403,818.2747077941895,229.12593483924866,858.9228630065918,350.22680282592773
296,179.17230606079102,209.1474151611328,90.0810956954956,320.41097581386566,814.0278625488281,226.56089544296265,860.7247924804688,346.8028825521469
297,174.69473361968994,211.23145937919617,91.01378202438354,323.95496785640717,809.6496963500977,224.03457641601562,862.2481155395508,343.35741341114044
298,170.45034885406494,213.40955257415771,92.34862089157104,327.4696218967438,805.0513458251953,221.58338069915771,863.3547592163086,339.85149800777435
299,166.45141124725342,215.67358374595642,94.08521890640259,330.93985855579376,800.2488327026367,219.21541929244995,864.0515327453613,336.30118131637573
300,162.36356735229492,217.90916204452515,95.75312376022339,334.513156414032,795.5767822265625,216.81678414344788,864.8213768005371,332.8607654571533
301,158.25140476226807,220.15658497810364,97.4698805809021,338.1737279891968,790.9402656555176,214.4015407562256,865.5559158325195,329.4744873046875
302,154.38454627990723,222.49503135681152,99.5955491065979,341.791153550148,786.100959777832,212.0644462108612,865.8968925476074,326.04075014591217
303,150.77539443969727,224.91581082344055,102.12769746780396,345.3495490550995,781.0744857788086,209.81328964233398,865.8519744873047,322.5748908519745
304,147.26240158081055,227.36913084983826,104.8405408859253,348.9267897605896,776.0181999206543,207.5891375541687,865.6513595581055,319.1424250602722
305,143.52454662322998,229.79309678077698,107.34332084655762,352.70643532276154,771.1721420288086,205.2634048461914,865.693302154541,315.8186209201813
306,140.04445552825928,232.30570435523987,110.26038408279419,356.4292234182358,766.1373138427734,203.01833152770996,865.3634262084961,312.4581080675125
307,136.83423042297363,234.89810228347778,113.58819007873535,360.0788676738739,760.9283065795898,200.86115956306458,864.6700286865234,309.0748232603073
308,133.9048147201538,237.56057024002075,117.31975793838501,363.6389207839966,755.5607986450195,198.79887342453003,863.6231803894043,305.68315386772156
309,130.62211990356445,240.19075512886047,120.69319725036621,367.4979543685913,750.4913520812988,196.57002210617065,862.9767036437988,302.40344524383545
310,127.54820823669434,242.89706110954285,124.41019535064697,371.32367491722107,745.2897262573242,194.39868807792664,862.0523643493652,299.1082388162613
311,124.75716590881348,245.6805181503296,128.53986740112305,375.06104350090027,739.9247360229492,192.3175084590912,860.7849311828613,295.7987415790558
312,122.26017951965332,248.53105187416077,133.0740451812744,378.69306564331055,734.4110298156738,190.33327460289001,859.1841316223145,292.48840749263763
313,119.70492839813232,251.4082682132721,137.60311603546143,382.4519670009613,728.9860725402832,188.29458117485046,857.6509666442871,289.22269999980927
314,117.07131385803223,254.32986974716187,142.13489055633545,386.36615216732025,723.6334991455078,186.18633270263672,856.1892127990723,285.98245203495026
315,114.73525285720825,257.3257255554199,147.0799684524536,390.17532885074615,718.1261444091797,184.17068481445312,854.4023323059082,282.73541271686554
316,112.70776033401489,260.3848600387573,152.42754936218262,393.8615369796753,712.4784851074219,182.2544288635254,852.3002815246582,279.49466586112976
317,110.9981632232666,263.4958791732788,158.16457271575928,397.40789473056793,706.7051696777344,180.44345498085022,849.894847869873,276.2726032733917
318,108.86107921600342,266.6522490978241,163.53451251983643,401.3748335838318,701.2054252624512,178.3988392353058,847.9303550720215,273.07828545570374
319,107.0339584350586,269.8782706260681,169.30991649627686,405.2203568816185,695.5615997314453,176.44852995872498,845.661506652832,269.8855769634247
320,105.53169965744019,273.1625819206238,175.48288822174072,408.92340660095215,689.7849655151367,174.60076689720154,843.0942535400391,266.7065477371216
321,104.36307191848755,276.4926302433014,182.0366621017456,412.4660548567772,683.8901138305664,172.8615367412567,840.2401542663574,263.55342864990234
322,103.23822498321533,279.87597942352295,188.68313312530518,416.0750475525856,678.0267906188965,171.0962998867035,837.381591796875,260.41958928108215
323,101.99246406555176,283.3411628007889,195.2986192703247,419.8981288075447,672.2479820251465,169.22204732894897,834.6550941467285,257.27969884872437
324,101.08903169631958,286.85650885105133,202.29919910430908,423.5557794570923,666.3451194763184,167.4544608592987,831.646614074707,254.16221022605896
325,100.53623914718628,290.4085475206375,209.66590404510498,427.02997505664825,660.3322792053223,165.7994306087494,828.3676528930664,251.07877492904663
326,100.34085988998413,293.9835995435715,217.3778772354126,430.30393838882446,654.2235374450684,164.2619776725769,824.8302841186523,248.04049730300903
327,100.00694990158081,297.6485323905945,225.02347469329834,433.80861461162567,648.2162475585938,162.60231256484985,821.4579963684082,244.989892244339
328,99.78967666625977,301.38443648815155,232.83358097076416,437.3340108990669,642.1916770935059,160.93717575073242,818.0260276794434,241.94366455078125
329,99.93988752365112,305.1442229747772,240.9862232208252,440.6506857275963,636.0667991638184,159.38929438591003,814.3401718139648,238.94092082977295
330,100.46291828155518,308.91297340393066,249.45679664611816,443.7422400712967,629.8558044433594,157.96359300613403,810.4130172729492,235.9925079345703
331,101.36194467544556,312.6753509044647,258.2182788848877,446.5936669707298,623.5734558105469,156.66425585746765,806.2582969665527,233.108628988266
332,102.05832481384277,316.567987203598,266.8766212463379,449.7520324587822,617.3969078063965,155.19954442977905,802.3186683654785,230.1792061328888
333,103.00234079360962,320.4981690645218,275.751314163208,452.8022190928459,611.1737251281738,153.7899684906006,798.2457733154297,227.27900862693787
334,104.33192253112793,324.41850185394287,284.90567207336426,455.60193836688995,604.8763847351074,152.5072717666626,793.9497756958008,224.44321632385254
335,106.04840040206909,328.31268310546875,294.3097400665283,458.13754320144653,598.5195350646973,151.3553810119629,789.444580078125,221.68158173561096
336,108.15049409866333,332.16450691223145,303.93147468566895,460.39743036031723,592.1176528930664,150.3372573852539,784.7444915771484,219.00318145751953
337,110.10085344314575,336.1579191684723,313.4865188598633,462.92985677719116,585.7906150817871,149.16991710662842,780.2208709716797,216.2696135044098
338,112.31414794921875,340.16216218471527,323.20295333862305,465.3211212158203,579.433536529541,148.06569457054138,775.5842399597168,213.5781455039978
339,114.91869449615479,344.1159689426422,333.1159973144531,467.4272856116295,573.0311965942383,147.09604382514954,770.7587242126465,210.97094178199768
340,117.91106700897217,348.0024254322052,343.19189071655273,469.2387342453003,566.5981292724609,146.263507604599,765.7586860656738,208.45624208450317
341,121.28491401672363,351.80503606796265,353.3954429626465,470.74849873781204,560.1486968994141,145.5696952342987,760.5989456176758,206.04177117347717
342,124.64541435241699,355.7028865814209,363.5782814025879,472.3881921172142,553.7397766113281,144.79660749435425,755.5277252197266,203.60052108764648
343,128.18020820617676,359.62082147598267,373.8193988800049,473.9612554013729,547.3331451416016,144.04296040534973,750.4231452941895,201.18456959724426
344,132.09564685821533,363.4436935186386,384.15987968444824,475.2275812625885,540.911808013916,143.4282624721527,745.166072845459,198.8699734210968
345,136.3813018798828,367.15457260608673,394.5625591278076,476.18287682533264,534.4906425476074,142.95335054397583,739.7720146179199,196.66345953941345
346,141.02524280548096,370.7380735874176,404.9916172027588,476.82589888572693,528.08349609375,142.6185142993927,734.2559623718262,194.57104682922363
347,145.8357810974121,374.2979496717453,415.3971290588379,477.37653359770775,521.7061042785645,142.31390118598938,728.7297821044922,192.52134561538696
348,150.6626558303833,377.94484198093414,425.7777500152588,478.02924782037735,515.3501129150391,141.9428551197052,723.2706069946289,190.44241905212402
349,155.8373737335205,381.45148158073425,436.151647567749,478.3712697029114,509.0120315551758,141.71072602272034,717.6984786987305,188.47820520401
350,161.34498596191406,384.8038673400879,446.48534774780273,478.40474367141724,502.70456314086914,141.61667704582214,712.0273017883301,186.6331136226654
351,167.1674680709839,387.98822343349457,456.74400329589844,478.1337855756283,496.44155502319336,141.65913105010986,706.2725830078125,184.91129636764526
352,173.28527927398682,390.99293053150177,466.8954277038574,477.56503388285637,490.2353096008301,141.83593153953552,700.4488563537598,183.31577897071838
353,179.31116580963135,394.15264785289764,476.998929977417,477.22665309906006,484.0439987182617,141.88411474227905,694.7452926635742,181.64053559303284
354,185.5958890914917,397.1651118993759,487.00212478637695,476.64329275488853,477.89774894714355,142.04124927520752,688.9853668212891,180.06851434707642
355,192.1553134918213,399.9875468015671,496.8687629699707,475.7729132473469,471.8125820159912,142.32964038848877,683.1652450561523,178.62160205841064
356,198.96738052368164,402.6103287935257,506.56986236572266,474.62485268712044,465.8001708984375,142.74635910987854,677.2988891601562,177.30176210403442
357,206.00890159606934,405.02534687519073,516.0785293579102,473.2103079557419,459.87173080444336,143.28773617744446,671.400146484375,176.1101531982422
358,213.1417751312256,407.36997306346893,525.4386520385742,471.7279341816902,454.000768661499,143.85470151901245,665.5304145812988,174.9639594554901
359,220.29476165771484,409.74586844444275,534.708366394043,470.30373752117157,448.15338134765625,144.38397645950317,659.71435546875,173.80408644676208
360,227.64960765838623,411.9087937474251,543.7642478942871,468.63049775362015,442.3937129974365,145.0329852104187,653.8741493225098,172.76938676834106
361,235.18185138702393,413.85326117277145,552.5840950012207,466.7210653424263,436.7318344116211,145.79747915267944,648.0224990844727,171.8599569797516
362,242.8663730621338,415.57566583156586,561.1479949951172,464.58967477083206,431.1771297454834,146.67269468307495,642.1717643737793,171.07508897781372
363,250.67788124084473,417.0739558339119,569.4382667541504,462.251381278038,425.73832511901855,147.65357851982117,636.3336181640625,170.4136884212494
364,258.4463596343994,418.63901674747467,577.6417350769043,460.03698974847794,420.3149127960205,148.5686731338501,630.5672836303711,169.7121512889862
365,266.28496170043945,420.07676392793655,585.6395530700684,457.7263444662094,414.9686336517334,149.53375339508057,624.8273277282715,169.0783989429474
366,274.2210388183594,421.2925288081169,593.3563041687012,455.2292186021805,409.7398567199707,150.59825778007507,619.1059684753418,168.5629963874817
367,282.23015785217285,422.28706777095795,600.7794570922852,452.5611340999603,404.63616371154785,151.7567789554596,613.4139060974121,168.1639802455902
368,290.2880859375,423.06227177381516,607.8984832763672,449.7376611828804,399.6642208099365,153.00358772277832,607.7611541748047,167.878839969635
369,298.36063385009766,423.6582612991333,614.7359848022461,446.8092602491379,394.8132133483887,154.31399703025818,602.1590995788574,167.6845943927765
370,306.3599395751953,424.3771308660507,621.5451622009277,444.0598323941231,389.9438953399658,155.53364038467407,596.6213035583496,167.41722106933594
371,314.38199043273926,424.8847281932831,628.0541038513184,441.1745774745941,385.2054691314697,156.83506965637207,591.1261367797852,167.25744724273682
372,322.4046993255615,425.1850926876068,634.2567443847656,438.16848635673523,380.60362815856934,158.21271657943726,585.6823539733887,167.20253705978394
373,330.4057216644287,425.28336614370346,640.1481056213379,435.0566866993904,376.14386558532715,159.66062664985657,580.2990531921387,167.24907875061035
374,338.3652877807617,425.18563985824585,645.7265281677246,431.8533244729042,371.82955741882324,161.1729097366333,574.9829864501953,167.39333868026733
375,346.2567901611328,425.05263715982437,651.1402130126953,428.69553834199905,367.57853507995605,162.6729941368103,569.7308921813965,167.54908919334412
376,354.0860652923584,424.9302399158478,656.4426612854004,425.6144365668297,363.3596420288086,164.142404794693,564.532356262207,167.6919972896576
377,361.85620307922363,424.6240094304085,661.4456748962402,422.45683550834656,359.2830562591553,165.67058801651,559.4015121459961,167.9263472557068
378,369.5494079589844,424.14094626903534,666.1496543884277,419.2356178164482,355.3519821166992,167.2518789768219,554.3447685241699,168.2483410835266
379,377.14837074279785,423.48906487226486,670.5559730529785,415.96382707357407,351.5694808959961,168.88051629066467,549.3688774108887,168.6539876461029
380,384.638729095459,422.67679810523987,674.6683502197266,412.65312284231186,347.93686866760254,170.55112481117249,544.4784164428711,169.13910269737244
381,392.054500579834,421.97264581918716,678.7758636474609,409.49134558439255,344.28136825561523,172.1500861644745,539.6298980712891,169.56013441085815
382,399.37482833862305,421.17860466241837,682.6738357543945,406.3354101777077,340.72686195373535,173.76372456550598,534.8495292663574,170.0235879421234
383,406.5786838531494,420.23671478033066,686.2964057922363,403.1492918729782,337.31709480285645,175.415278673172,530.1521301269531,170.56097388267517
384,413.6525058746338,419.1554009914398,689.6474647521973,399.9435317516327,334.05346870422363,177.0993411540985,525.5427360534668,171.1682367324829
385,420.58542251586914,417.94350653886795,692.7325630187988,396.7277616262436,330.9366703033447,178.81105184555054,521.0250091552734,171.8413209915161
386,427.39142417907715,416.67647659778595,695.6369018554688,393.5509532690048,327.9163455963135,180.51993012428284,516.584529876709,172.54015445709229
387,434.1390037536621,415.52285581827164,698.5671043395996,390.50902247428894,324.8598289489746,182.1629548072815,512.1690559387207,173.1737458705902
388,440.7444763183594,414.2498230934143,701.2504005432129,387.46120154857635,321.9436454772949,183.83089184761047,507.84095764160156,173.8686203956604
389,447.1992588043213,412.86580324172974,703.6930274963379,384.4157302379608,319.16833877563477,185.5192995071411,503.60389709472656,174.6209156513214
390,453.49562644958496,411.3789877295494,705.9015655517578,381.37999534606934,316.5335941314697,187.22373604774475,499.4607353210449,175.4267692565918
391,459.62671279907227,409.7980025410652,707.8828811645508,378.3612388372421,314.038724899292,188.94014596939087,495.413875579834,176.28244757652283
392,465.7020950317383,408.3269262313843,709.8983573913574,375.4648071527481,311.50866508483887,190.59598088264465,491.3876152038574,177.07610249519348
393,471.6651248931885,406.8405210971832,711.797046661377,372.61982560157776,309.0449810028076,192.2384262084961,487.42103576660156,177.87680625915527
394,477.46819496154785,405.2677756547928,713.4857368469238,369.7912108898163,306.71467781066895,193.8918149471283,483.5452651977539,178.72421264648438
395,483.10632705688477,403.61641466617584,714.9714088439941,366.98477268218994,304.5167827606201,195.5524456501007,479.7623634338379,179.6148133277893
396,488.5754585266113,401.8939697742462,716.2612152099609,364.2058861255646,302.45020866394043,197.2167456150055,476.074161529541,180.5452287197113
397,493.9331245422363,400.1883262395859,717.4728012084961,361.49499356746674,300.4339027404785,198.85539293289185,472.44266510009766,181.4668571949005
398,499.25743103027344,398.58725666999817,718.7349700927734,358.8857299089432,298.37382316589355,200.44215559959412,468.8170623779297,182.32997059822083
399,504.42134857177734,396.9202530384064,719.8160362243652,356.300847530365,296.4385414123535,202.0328450202942,465.27989387512207,183.23099970817566
400,509.4217872619629,395.1941066980362,720.7224655151367,353.74493300914764,294.6268558502197,203.62446784973145,461.8327045440674,184.16691899299622
401,514.2568016052246,393.4152227640152,721.461181640625,351.22173607349396,292.9372215270996,205.21393418312073,458.4765815734863,185.13467073440552
402,518.9313697814941,391.5978276729584,722.0498657226562,348.73816072940826,291.3597106933594,206.7959976196289,455.2083492279053,186.12672328948975
403,523.6537742614746,389.95913207530975,722.8084373474121,346.3739812374115,289.6515655517578,208.30786228179932,451.895170211792,187.01780676841736
404,528.2209968566895,388.27009677886963,723.4111976623535,344.03775572776794,288.05946350097656,209.81879353523254,448.6665630340576,187.9398214817047
405,532.6309776306152,386.5369498729706,723.8640403747559,341.73333048820496,286.582088470459,211.32624864578247,445.52395820617676,188.8901925086975
406,536.8832588195801,384.7650182247162,724.1731452941895,339.4633609056473,285.21766662597656,212.82768487930298,442.46789932250977,189.86624836921692
407,540.9775543212891,382.9597896337509,724.3450355529785,337.2305989265442,283.9643669128418,214.32072043418884,439.49907302856445,190.86528539657593
408,545.1230621337891,381.3108265399933,724.6702194213867,335.0954747200012,282.59167671203613,215.75491905212402,436.48481369018555,191.77477955818176
409,549.1519546508789,379.65175688266754,724.903621673584,332.99862027168274,281.2924003601074,217.17759490013123,433.53126525878906,192.69328594207764
410,553.033504486084,377.9590845108032,725.0078773498535,330.93322813510895,280.0993824005127,218.59409093856812,430.65874099731445,193.63528847694397
411,556.7667388916016,376.2378627061844,724.9885368347168,328.9019376039505,279.0109348297119,220.00215411186218,427.868070602417,194.598308801651
412,560.3526306152344,374.4925332069397,724.8510932922363,326.9065994024277,278.0252265930176,221.3998532295227,425.1594829559326,195.58019042015076
413,564.0054702758789,372.89408683776855,724.8683738708496,324.99317586421967,276.915864944458,222.74640798568726,422.3965644836426,196.47610187530518
414,567.5614356994629,371.29890739917755,724.8208236694336,323.1172174215317,275.8633518218994,224.0790581703186,419.6835708618164,197.37371921539307
415,570.9799003601074,369.6778339147568,724.6610641479492,321.2713050842285,274.9093723297119,225.40401577949524,417.04673767089844,198.2912278175354
416,574.2614936828613,368.0348092317581,724.3939018249512,319.45716083049774,274.05226707458496,226.7195427417755,414.4864082336426,199.22669649124146
417,577.4063873291016,366.37395322322845,724.0243148803711,317.6766675710678,273.290433883667,228.02374005317688,412.00321197509766,200.17796874046326
418,580.6635475158691,364.8744320869446,723.8471031188965,315.9697365760803,272.3686981201172,229.27904605865479,409.4376754760742,201.03190898895264
419,583.8111305236816,363.3631628751755,723.5877799987793,314.2915964126587,271.5220355987549,230.52517890930176,406.9314193725586,201.89724326133728
420,586.8312835693359,361.83106899261475,723.2296371459961,312.64113664627075,270.767240524292,231.76313638687134,404.49657440185547,202.7801513671875
421,589.7248649597168,360.2815943956375,722.7771377563477,311.0198700428009,270.1029396057129,232.99108386039734,402.13382720947266,203.6786699295044
422,592.5332450866699,358.7458312511444,722.2808647155762,309.4345074892044,269.48601722717285,234.20239090919495,399.81688499450684,204.5731008052826
423,595.4491424560547,357.34893679618835,721.9535636901855,307.9061794281006,268.72386932373047,235.37571787834167,397.42040634155273,205.38197994232178
424,598.2472801208496,355.93107283115387,721.534595489502,306.4011061191559,268.0491828918457,236.54231786727905,395.0903034210205,206.20843291282654
425,600.9281158447266,354.4953614473343,721.0274505615234,304.9208164215088,267.4606990814209,237.70090341567993,392.82691955566406,207.05101132392883
426,603.4919357299805,353.0450212955475,720.4362487792969,303.4668231010437,266.9570732116699,238.84980082511902,390.63111305236816,207.9080092906952
427,606.0698890686035,351.66700422763824,719.9065589904785,302.0532238483429,266.4052391052246,239.974365234375,388.4175395965576,208.72165203094482
428,608.6797142028809,350.36271035671234,719.4483947753906,300.675448179245,265.79277992248535,241.07768654823303,386.17358207702637,209.49023365974426
429,611.1807060241699,349.0397483110428,718.9073753356934,299.3184167146683,265.26283264160156,242.17473149299622,383.99173736572266,210.2754557132721
430,613.5728645324707,347.7006769180298,718.2867050170898,297.98332035541534,264.8145389556885,243.2640516757965,381.87280654907227,211.07580542564392
431,615.8564186096191,346.3485378026962,717.5897598266602,296.67173624038696,264.44655418395996,244.34419870376587,379.817419052124,211.88989877700806
432,618.2783317565918,345.1359432935715,717.077522277832,295.40117383003235,263.91122817993164,245.39563536643982,377.66249656677246,212.6131296157837
433,620.6266021728516,343.9209830760956,716.5161323547363,294.14976239204407,263.4273433685303,246.44034504890442,375.54694175720215,213.3418321609497
434,622.8732490539551,342.688609957695,715.8786964416504,292.9166167974472,263.0221939086914,247.47926115989685,373.4900951385498,214.08656358718872
435,625.0186157226562,341.441205739975,715.1681900024414,291.7029279470444,262.69497871398926,248.51116061210632,371.49261474609375,214.84610080718994
436,627.1687889099121,340.2452677488327,714.4975662231445,290.5154550075531,262.3374080657959,249.52812552452087,369.4844341278076,215.57415962219238
437,629.3856239318848,339.13061678409576,713.9238166809082,289.35273349285126,261.8912887573242,250.53041338920593,367.4230670928955,216.24927163124084
438,631.5077590942383,337.99689531326294,713.2769393920898,288.2047373056412,261.5214729309082,251.52909636497498,365.4161739349365,216.94160342216492
439,633.5348510742188,336.846227645874,712.5594520568848,287.0726251602173,261.227388381958,252.52272605895996,363.4647274017334,217.6498031616211
440,635.4669570922852,335.68115651607513,711.7741012573242,285.9578937292099,261.0081481933594,253.50998282432556,361.56981468200684,218.37274432182312
441,637.5539016723633,334.6471166610718,711.1755752563477,284.86696422100067,260.6108093261719,254.48133945465088,359.56295013427734,219.00604605674744
442,639.5672607421875,333.60168278217316,710.5221748352051,283.7882173061371,260.27217864990234,255.45031428337097,357.5965976715088,219.6510636806488
443,641.4911270141602,332.53777384757996,709.8002243041992,282.7224415540695,260.0076198577881,256.41613483428955,355.682430267334,220.31307578086853
444,643.3253860473633,331.45736932754517,709.0118980407715,281.6708278656006,259.8164176940918,257.37770676612854,353.8211917877197,220.9911811351776
445,645.2042770385742,330.43856978416443,708.2950973510742,280.6351786851883,259.5607280731201,258.3312964439392,351.9225311279297,221.6284418106079
446,647.1201324462891,329.4696432352066,707.6346015930176,279.61106836795807,259.2525100708008,259.2812168598175,349.9899673461914,222.23280787467957
447,648.951416015625,328.4807288646698,706.9071578979492,278.5973060131073,259.0169334411621,260.2300429344177,348.1062412261963,222.8554880619049
448,650.6978416442871,327.4733877182007,706.1146545410156,277.59484112262726,258.8537120819092,261.17635846138,346.27241134643555,223.49535584449768
449,652.3881340026855,326.4659982919693,705.2886199951172,276.60471975803375,258.7320899963379,262.1188759803772,344.4697666168213,224.13934350013733
450,654.2143249511719,325.5607205629349,704.6179962158203,275.62185645103455,258.4562873840332,263.06039571762085,342.5661277770996,224.71107244491577
451,655.9602355957031,324.63395833969116,703.8815689086914,274.64684665203094,258.25209617614746,264.0025591850281,340.70826530456543,225.3021776676178
452,657.6250648498535,323.68738532066345,703.081169128418,273.6810100078583,258.1194591522217,264.94388580322266,338.8978385925293,225.9116291999817
453,659.2083549499512,322.72280395030975,702.2185707092285,272.72555351257324,258.0582618713379,265.88308811187744,337.1360778808594,226.53852581977844
454,660.8807373046875,321.8305617570877,701.4633750915527,271.77399158477783,257.8911781311035,266.82496190071106,335.3052806854248,227.1146321296692
455,662.545280456543,320.9531897306442,700.7129287719727,270.82634031772614,257.72292137145996,267.7704405784607,333.47070693969727,227.68285274505615
456,664.1320610046387,320.0547355413437,699.8993110656738,269.88589882850647,257.625789642334,268.7165951728821,331.6812801361084,228.27048182487488
457,665.6406211853027,319.1367441415787,699.0240097045898,268.95384192466736,257.5997543334961,269.6622669696808,329.9381732940674,228.87677907943726
458,667.1360206604004,318.23389649391174,698.1531143188477,268.02722454071045,257.5759506225586,270.60978949069977,328.19695472717285,229.4754159450531
459,668.7212562561035,317.39310443401337,697.3825263977051,267.09668040275574,257.4495792388916,271.5678369998932,326.3841247558594,230.02976417541504
460,670.2314758300781,316.5302646160126,696.5494537353516,266.17183327674866,257.3942470550537,272.52796053886414,324.61461067199707,230.60458302497864
461,671.6660499572754,315.64677715301514,695.6551551818848,265.25384187698364,257.41015434265137,273.4889853000641,322.88975715637207,231.1991322040558
462,673.0241203308105,314.7440904378891,694.7010612487793,264.34380054473877,257.49730110168457,274.4494950771332,321.210994720459,231.81260704994202
463,674.4929695129395,313.90989661216736,693.8674163818359,263.4250044822693,257.45959281921387,275.4255509376526,319.4460868835449,232.37632155418396
464,675.9267997741699,313.0707621574402,693.0084228515625,262.50733494758606,257.45335578918457,276.40802800655365,317.6963138580322,232.94737458229065
465,677.2869873046875,312.2099983692169,692.0884323120117,261.5951693058014,257.5187301635742,277.39254891872406,315.9897994995117,233.5392200946808
466,678.5725593566895,311.32915019989014,691.1089897155762,260.6898593902588,257.6558589935303,278.37768137454987,314.3283748626709,234.1510534286499
467,679.8586463928223,310.46238362789154,690.142707824707,259.7837769985199,257.78520584106445,279.37102138996124,312.6588249206543,234.75590229034424
468,681.2156295776367,309.6360594034195,689.2516708374023,258.86630058288574,257.8355598449707,280.38333535194397,310.9292221069336,235.33216953277588
469,682.5003433227539,308.7874621152878,688.2999801635742,257.95339465141296,257.9582691192627,281.3986265659332,309.2421054840088,235.93013048171997
470,683.712100982666,307.9178148508072,687.2887229919434,257.0462501049042,258.1535339355469,282.4156719446182,307.598934173584,236.54923796653748
471,684.8499298095703,307.0285177230835,686.2190437316895,256.14612221717834,258.4216117858887,283.4330552816391,306.0014533996582,237.1887195110321
472,686.0920715332031,306.19022011756897,685.2560234069824,255.22800207138062,258.57519149780273,284.476557970047,304.31971549987793,237.79086470603943
473,687.3005676269531,305.3439724445343,684.2671394348145,254.3086588382721,258.76264572143555,285.5292499065399,302.65259742736816,238.40356707572937
474,688.4370803833008,304.47606325149536,683.2185173034668,253.39433670043945,259.0238571166992,286.58461332321167,301.0290241241455,239.03847813606262
475,689.5006942749023,303.5877478122711,682.1114158630371,252.4862265586853,259.35919761657715,287.6409584283829,299.4507694244385,239.69472885131836
476,690.5498313903809,302.7016854286194,681.0007095336914,251.57595992088318,259.7062683105469,288.7073618173599,297.87540435791016,240.35394072532654
477,691.6819381713867,301.84937059879303,679.9705123901367,250.64548015594482,259.96521949768066,289.8033928871155,296.2288570404053,240.98949551582336
478,692.7426338195801,300.974782705307,678.8804054260254,249.71944212913513,260.29930114746094,290.9026265144348,294.62574005126953,241.6481602191925
479,693.7311172485352,300.07922530174255,677.7314758300781,248.79913330078125,260.70902824401855,292.0035821199417,293.06785583496094,242.32929110527039
480,694.6464157104492,299.1640502214432,676.5246963500977,247.88577675819397,261.19468688964844,293.1050044298172,291.55683517456055,243.03240537643433
481,695.6403923034668,298.27784299850464,675.3947067260742,246.95149898529053,261.5964889526367,294.2372131347656,289.9778938293457,243.715660572052
482,696.6263008117676,297.38946318626404,674.2605400085449,246.01001143455505,262.00879096984863,295.38577258586884,288.39503288269043,244.40580368041992
483,697.540283203125,296.47943794727325,673.0668067932129,245.07373809814453,262.4986267089844,296.5367943048477,286.8574047088623,245.11963605880737
484,698.3813095092773,295.5492639541626,671.8147659301758,244.14403080940247,263.06636810302734,297.6885885000229,285.36709785461426,245.85638523101807
485,699.1763877868652,294.6079534292221,670.5294799804688,243.21654438972473,263.68300437927246,298.8458865880966,283.90442848205566,246.60848736763
486,700.0904846191406,293.69942486286163,669.3502235412598,242.25600242614746,264.1769599914551,300.0490826368332,282.3398780822754,247.3372220993042
487,700.9325981140137,292.768896818161,668.1107711791992,241.30038499832153,264.75048065185547,301.255207657814,280.82104682922363,248.09083700180054
488,701.7019271850586,291.8176406621933,666.8122673034668,240.35107612609863,265.404109954834,302.4626523256302,279.34990882873535,248.8686239719391
489,702.3974990844727,290.8466863632202,665.4553985595703,239.40910577774048,266.1382484436035,303.66964638233185,277.92826652526855,249.66977834701538
490,703.1438827514648,289.88751232624054,664.1461372375488,238.4479522705078,266.82188987731934,304.9076843261719,276.45827293395996,250.46678066253662
491,703.919849395752,288.93121898174286,662.8622245788574,237.46957898139954,267.4800968170166,306.17465794086456,274.9542045593262,251.2670338153839
492,704.622745513916,287.95347332954407,661.5179443359375,236.49706363677979,268.22113037109375,307.4434822797775,273.4983730316162,252.0928430557251
493,705.2515983581543,286.9555789232254,660.1141548156738,235.53175806999207,269.0453910827637,308.712403178215,272.0928382873535,252.94346809387207
494,705.805549621582,285.93891978263855,658.6520004272461,234.57507848739624,269.9533939361572,309.9795538187027,270.73974609375,253.81816864013672
495,706.5216064453125,284.95193660259247,657.3248863220215,233.57011914253235,270.69668769836426,311.3136684894562,269.2453193664551,254.6719479560852
496,707.1652793884277,283.9430183172226,655.9367752075195,232.57047057151794,271.52472496032715,312.65079259872437,267.79887199401855,255.55282831192017
497,707.7342796325684,282.913082242012,654.4874382019043,231.57764554023743,272.43947982788086,313.98852825164795,266.40355110168457,256.4600694179535
498,708.2277488708496,281.86364114284515,652.9780197143555,230.5931568145752,273.4411811828613,315.3251212835312,265.06153106689453,257.3930597305298
499,708.7635040283203,280.8169358968735,651.5047073364258,229.58826184272766,274.4052314758301,316.69586420059204,263.67573738098145,258.33074927330017
500,709.3555641174316,279.77183997631073,650.0743675231934,228.5566520690918,275.3203010559082,318.1093508005142,262.23177909851074,259.27407145500183
501,709.8722076416016,278.7049376964569,648.5809135437012,227.5315761566162,276.3254642486572,319.52441453933716,260.8396625518799,260.2457821369171
502,710.3125190734863,277.61738777160645,647.025089263916,226.5142571926117,277.4216365814209,320.9391403198242,259.5017623901367,261.24520540237427
503,710.6751823425293,276.51067078113556,645.4076385498047,225.50633668899536,278.60950469970703,322.3513877391815,258.2205104827881,262.27150440216064
504,711.2208938598633,275.423828959465,643.934383392334,224.43793773651123,279.61426734924316,323.85023295879364,256.77343368530273,263.28595876693726
505,711.6922187805176,274.3141669034958,642.3970985412598,223.3748495578766,280.711669921875,325.352538228035,255.37742614746094,264.33095812797546
506,712.0858955383301,273.1826341152191,640.7945251464844,222.31900334358215,281.9047451019287,326.8557929992676,254.0365505218506,265.4061484336853
507,712.4005508422852,272.03067898750305,639.1276359558105,221.27207279205322,283.1942081451416,328.35740625858307,252.7536964416504,266.5105640888214
508,712.7860450744629,270.8790296316147,637.5151634216309,220.193213224411,284.42047119140625,329.91071105003357,251.3997459411621,267.6234447956085
509,713.2168006896973,269.71994519233704,635.9317016601562,219.08596515655518,285.6148052215576,331.51197373867035,249.99341011047363,268.7523865699768
510,713.5685348510742,268.5375738143921,634.2802047729492,217.9852831363678,286.9097900390625,333.11548948287964,248.64337921142578,269.91435170173645
511,713.8395881652832,267.3333477973938,632.5610733032227,216.8929374217987,288.3068561553955,334.7187799215317,247.3528003692627,271.108535528183
512,714.067440032959,266.1127710342407,630.8050346374512,215.79901456832886,289.76531982421875,336.3344943523407,246.09000205993652,272.3293858766556
513,714.4594573974609,264.8965394496918,629.1707611083984,214.6411371231079,291.0655403137207,338.0471867322922,244.6692180633545,273.5548549890518
514,714.770565032959,263.6552345752716,627.4647903442383,213.48898887634277,292.4725914001465,339.76409554481506,243.3061981201172,274.8168396949768
515,714.9991607666016,262.3901116847992,625.6873512268066,212.34417915344238,293.9882755279541,341.4827102422714,242.00406074523926,276.11474454402924
516,715.1432418823242,261.10268354415894,623.8388442993164,211.20863914489746,295.61367988586426,343.199924826622,240.76632499694824,277.44747519493103
517,715.418758392334,259.81271266937256,622.086067199707,210.0161612033844,297.11657524108887,345.00687539577484,239.3978977203369,278.7930965423584
518,715.686149597168,258.5027861595154,620.3158950805664,208.8055944442749,298.65214347839355,346.8512910604477,238.0212163925171,280.1711618900299
519,715.8683395385742,257.16707825660706,618.4701919555664,207.60165810585022,300.30378341674805,348.6991345882416,236.70799255371094,281.5891546010971
520,715.9632110595703,255.80713391304016,616.548957824707,206.40631556510925,302.0732116699219,350.54762184619904,235.46181678771973,283.0464631319046
521,716.0727882385254,254.43145036697388,614.6319007873535,205.18754124641418,303.84904861450195,352.44110584259033,234.18976306915283,284.53314185142517
522,716.2871360778809,253.04202318191528,612.7832221984863,203.91244053840637,305.53799629211426,354.42678809165955,232.80517101287842,286.04616522789
523,716.4130210876465,251.6246259212494,610.8541488647461,202.6431655883789,307.3516273498535,356.41819953918457,231.4868688583374,287.6041853427887
524,716.4480972290039,250.18067479133606,608.8446235656738,201.38171195983887,309.2922878265381,358.41192841529846,230.23919105529785,289.2063331604004
525,716.3898468017578,248.71190786361694,606.7545318603516,200.13039708137512,311.36183738708496,360.40446639060974,229.06635761260986,290.8517396450043
526,716.5189361572266,247.22997665405273,604.7951316833496,198.79098773002625,313.2562065124512,362.53708004951477,227.70134925842285,292.5235712528229
527,716.5710067749023,245.71856260299683,602.7620315551758,197.45141744613647,315.26830673217773,364.6848374605179,226.39225959777832,294.24471259117126
528,716.5278625488281,244.1783094406128,600.6429290771484,196.11918568611145,317.41796493530273,366.83626413345337,225.1587152481079,296.01546943187714
529,716.3867568969727,242.61101961135864,598.4377098083496,194.7968029975891,319.7075843811035,368.9877712726593,224.00546550750732,297.8351819515228
530,716.2962913513184,241.0207164287567,596.2584114074707,193.42990636825562,321.97474479675293,371.21877908706665,222.78913021087646,299.6970909833908
531,716.2486267089844,239.40215349197388,594.0942192077637,192.01701521873474,324.2333507537842,373.5327959060669,221.51371479034424,301.6079396009445
532,716.1002540588379,237.75269150733948,591.8382453918457,190.61155915260315,326.64167404174805,375.851286649704,220.32068252563477,303.5745996236801
533,715.8479118347168,236.07406854629517,589.489860534668,189.21614527702332,329.2024040222168,378.16992223262787,219.21544075012207,305.5961859226227
534,715.5013847351074,234.36821579933167,587.058048248291,187.82861709594727,331.9047546386719,380.4915189743042,218.19125175476074,307.6715075969696
535,715.3187370300293,232.62943625450134,584.7298049926758,186.34246945381165,334.47052001953125,382.97663927078247,216.98691844940186,309.8017233610153
536,715.0284004211426,230.85792303085327,582.3031997680664,184.86462593078613,337.19990730285645,385.465412735939,215.87450981140137,311.9942682981491
537,714.6271133422852,229.05580043792725,579.777946472168,183.398015499115,340.09557723999023,387.9526251554489,214.8603343963623,314.2478710412979
538,714.1115570068359,227.22519278526306,577.1532440185547,181.94566369056702,343.16070556640625,390.4333037137985,213.95061492919922,316.56161427497864
539,713.620662689209,225.35972714424133,574.5294570922852,180.44657707214355,346.2459468841553,393.00045132637024,213.00305843353271,318.94006848335266
540,713.1416130065918,223.45518708229065,571.893253326416,178.90220403671265,349.37058448791504,395.65290927886963,212.02850818634033,321.3896709680557
541,712.5429153442383,221.51923298835754,569.1512489318848,177.37141370773315,352.67712593078613,398.30005645751953,211.16572380065918,323.90676856040955
542,711.8212509155273,219.5543110370636,566.3030433654785,175.85768222808838,356.16854667663574,400.9356164932251,210.4222011566162,326.48980021476746
543,710.9734725952148,217.56325364112854,563.3489227294922,174.36445355415344,359.8469066619873,403.5525244474411,209.8051357269287,329.1363197565079
544,710.236930847168,215.5189597606659,560.4507064819336,172.77157545089722,363.4648132324219,406.33985191583633,209.05803680419922,331.8730902671814
545,709.3824577331543,213.44286561012268,557.4482345581055,171.19089603424072,367.26799964904785,409.1224801540375,208.42866897583008,334.6832138299942
546,708.394889831543,211.33909106254578,554.3331527709961,169.6320390701294,371.2712574005127,411.8839055299759,207.93757438659668,337.56340742111206
547,707.2707939147949,209.21043634414673,551.1051750183105,168.09864163398743,375.4771614074707,414.61675733327866,207.593035697937,340.5113697052002
548,706.0843276977539,207.04676270484924,547.815055847168,166.55085682868958,379.80889320373535,417.38368660211563,207.3160743713379,343.53854298591614
549,704.9063301086426,204.83107566833496,544.5063972473145,164.94394540786743,384.1989040374756,420.2559623122215,207.02588081359863,346.66496336460114
550,703.5841369628906,202.59099125862122,541.0792350769043,163.36593747138977,388.8032341003418,423.0921971797943,206.89813613891602,349.86332058906555
551,702.1147155761719,200.33037185668945,537.5339126586914,161.8213713169098,393.6230278015137,425.8831778168678,206.94189548492432,353.1299775838852
552,700.4951477050781,198.05330514907837,533.8712882995605,160.31494617462158,398.6583995819092,428.61944139003754,207.1661138534546,356.460782289505
553,698.8608741760254,195.724675655365,530.1759338378906,158.75699043273926,403.7779998779297,431.4442580938339,207.4152660369873,359.89633798599243
554,697.1328735351562,193.36199283599854,526.3965797424316,157.19716787338257,409.06188011169434,434.2770329117775,207.7833652496338,363.4191995859146
555,695.2467155456543,190.98585605621338,522.4957466125488,155.68134427070618,414.5694637298584,437.04084008932114,208.35270881652832,367.00591921806335
556,693.2001113891602,188.6014473438263,518.4748077392578,154.21489477157593,420.2988338470459,439.72509026527405,209.13240909576416,370.65108954906464
557,690.996150970459,186.21198534965515,514.3385696411133,152.7992033958435,426.2428379058838,442.3244485259056,210.1257562637329,374.3502205610275
558,688.7970542907715,183.75319361686707,510.17887115478516,151.3050091266632,432.25728034973145,445.04841685295105,211.13572597503662,378.1819921731949
559,686.4303588867188,181.29198789596558,505.8973503112793,149.86849308013916,438.49528312683105,447.67271161079407,212.37945556640625,382.0665657520294
560,683.8946914672852,178.8342583179474,501.49658203125,148.49541664123535,444.9520969390869,450.1852145791054,213.86621475219727,385.9961199760437
561,681.189079284668,176.3861846923828,496.97959899902344,147.1914768218994,451.6215705871582,452.5732281804085,215.60497283935547,389.9617713689804
562,678.369197845459,173.922758102417,492.377986907959,145.9089732170105,458.45300674438477,454.91221368312836,217.53099918365479,393.9942419528961
563,675.4717254638672,171.421480178833,487.708797454834,144.61150288581848,465.4177951812744,457.26002633571625,219.60027694702148,398.122918009758
564,672.399845123291,168.9396107196808,482.92579650878906,143.39404821395874,472.5853157043457,459.45812344551086,221.94478511810303,402.27388322353363
565,669.1542434692383,166.48387670516968,478.03333282470703,142.2624671459198,479.94558334350586,461.4932844042778,224.57196235656738,406.4357355237007
566,665.7362365722656,164.0620994567871,473.0371856689453,141.22300386428833,487.4859809875488,463.3526748418808,227.4880313873291,410.59605091810226
567,662.2427558898926,161.60565733909607,467.9809856414795,140.16963601112366,495.1361846923828,465.2071809768677,230.56838035583496,414.84386533498764
568,658.6091423034668,159.16266918182373,462.8368949890137,139.17578101158142,502.93447494506836,466.93479180336,233.90469074249268,419.1148379445076
569,654.8037528991699,156.76628708839417,457.59693145751953,138.28588843345642,510.8877182006836,468.45914483070374,237.54764556884766,423.3603349328041
570,650.8290481567383,154.42420363426208,452.26736068725586,137.50568747520447,518.9804077148438,469.76861268281937,241.5011215209961,427.56626665592194
571,646.7061996459961,152.1267306804657,446.8612289428711,136.8168318271637,527.1871948242188,470.8912941813469,245.74281692504883,431.74215227365494
572,642.5126838684082,149.79671716690063,441.4046859741211,136.11510157585144,535.4641342163086,471.99462354183197,250.1678466796875,435.9916082024574
573,638.155345916748,147.53584027290344,435.87132453918457,135.53513288497925,543.8427543640137,472.858320325613,254.91239547729492,440.17077684402466
574,633.6393356323242,145.3519856929779,430.26989936828613,135.08172154426575,552.3022270202637,473.4725596010685,259.9754333496094,444.2625832557678
575,628.9713478088379,143.25355410575867,424.61042404174805,134.7596311569214,560.8196640014648,473.8293309509754,265.3532409667969,448.249751329422
576,624.2152976989746,141.16281509399414,418.9097499847412,134.47075724601746,569.3653106689453,474.08605456352234,270.9564971923828,452.2380620241165
577,619.3461799621582,139.11694407463074,413.1649875640869,134.26057934761047,577.9351043701172,474.16885033249855,276.8237113952637,456.17077857255936
578,614.337158203125,137.17133402824402,407.3807716369629,134.19121742248535,586.512279510498,473.97822573781013,282.9980278015137,459.96228486299515
579,609.1958999633789,135.33319473266602,401.5674018859863,134.26592230796814,595.0732040405273,473.5104551911354,289.4711494445801,463.5956507921219
580,603.9463806152344,133.5797381401062,395.7351779937744,134.45408463478088,603.596019744873,472.81495302915573,296.2093162536621,467.09723711013794
581,598.637523651123,131.82361006736755,389.8850440979004,134.6580183506012,612.0762634277344,472.04863250255585,303.1383419036865,470.5919998884201
582,593.2138252258301,130.18837451934814,384.0282726287842,135.0121021270752,620.4842376708984,471.000092625618,310.3422546386719,473.89185324311256
583,587.6850128173828,128.68014693260193,378.1764507293701,135.5176877975464,628.7960243225098,469.6706610918045,317.8067207336426,476.98108211159706
584,582.0623016357422,127.30475306510925,372.34259605407715,136.17516160011292,636.9854736328125,468.0636289715767,325.5135154724121,479.8441404104233
585,576.4033699035645,125.92218160629272,366.5115737915039,136.83907270431519,645.0760459899902,466.40880793333054,333.3702278137207,482.68747240304947
586,570.6688499450684,124.65326070785522,360.70618629455566,137.63211607933044,653.0227661132812,464.51830118894577,341.43510818481445,485.324464738369
587,564.8617744445801,123.52644324302673,354.94279861450195,138.57778787612915,660.7957649230957,462.36101657152176,349.7007751464844,487.7061577141285
588,558.9942169189453,122.54575252532959,349.2340278625488,139.67438220977783,668.3727836608887,459.94562834501266,358.1446838378906,489.8212659358978
589,553.1018829345703,121.59740924835205,343.55847358703613,140.8112096786499,675.7871246337891,457.44557350873947,366.7042350769043,491.8401727080345
590,547.1760177612305,120.72772979736328,337.93055534362793,142.03230142593384,683.0124664306641,454.7978147864342,375.38801193237305,493.6892031133175
591,541.212158203125,120.00923037528992,332.38062858581543,143.40067863464355,689.9995994567871,451.91290587186813,384.19830322265625,495.2523609995842
592,535.2231788635254,119.44374561309814,326.9209957122803,144.912189245224,696.7307281494141,448.80402714014053,393.109130859375,496.5233901143074
593,529.2309951782227,118.92847180366516,321.5226745605469,146.47371768951416,703.2522583007812,445.6161868572235,402.07706451416016,497.66086131334305
594,523.2355499267578,118.4645676612854,316.18678092956543,148.08748483657837,709.5616149902344,442.3495137691498,411.09503746032715,498.66137489676476
595,517.2369575500488,118.15480470657349,310.9622097015381,149.837304353714,715.5861854553223,438.8866800069809,420.15798568725586,499.3626143038273
596,511.2470054626465,117.99879670143127,305.8594036102295,151.71722173690796,721.3142395019531,435.243199467659,429.2399597167969,499.76358979940414
597,505.2763366699219,117.88244247436523,300.83258628845215,153.63244771957397,726.8183898925781,431.56284123659134,438.31438064575195,500.04510909318924
598,499.3245506286621,117.80635356903076,295.8823299407959,155.5850100517273,732.0993232727051,427.8460720181465,447.3750114440918,500.20652040839195
599,493.3999443054199,117.88160562515259,291.0700035095215,157.65836834907532,737.0702934265137,423.9781066775322,456.40331268310547,500.0718440115452
600,487.51453399658203,118.1061065196991,286.40533447265625,159.84511971473694,741.7245483398438,419.9759718775749,465.37353515625,499.6450871229172
601,481.66282653808594,118.32732439041138,281.80686950683594,162.0309054851532,746.1859703063965,416.006498336792,474.285306930542,499.17242020368576
602,475.8459949493408,118.60168218612671,277.3048496246338,164.25914525985718,750.4121017456055,412.0102536678314,483.13058853149414,498.56436878442764
603,470.08312225341797,119.02065396308899,272.96207427978516,166.590735912323,754.321117401123,407.90694057941437,491.8754768371582,497.67665684223175
604,464.3855094909668,119.58073139190674,268.78661155700684,169.01724457740784,757.9104995727539,403.7141168117523,500.4956817626953,496.51754826307297
605,458.71381759643555,120.06098628044128,264.6280288696289,171.39196515083313,761.3952255249023,399.63589310646057,509.04579162597656,495.4459547996521
606,453.0988311767578,120.63809037208557,260.6070613861084,173.8329255580902,764.6104431152344,395.5116105079651,517.474193572998,494.17825296521187
607,447.559118270874,121.3506031036377,256.76012992858887,176.35940551757812,767.5150108337402,391.3195914030075,525.747184753418,492.65593975782394
608,442.0913028717041,122.15162873268127,253.05848121643066,178.93786668777466,770.1574516296387,387.10880756378174,533.866138458252,490.95864057540894
609,436.63707733154297,122.85236120223999,249.34696197509766,181.4590358734131,772.7490234375,383.0250155925751,541.918773651123,489.39335837960243
610,431.2641906738281,123.68332028388977,245.81302642822266,184.05819296836853,775.0430488586426,378.89033675193787,549.7951126098633,487.59039491415024
611,425.98188400268555,124.63961362838745,242.46219635009766,186.72622919082642,777.0428466796875,374.7193515300751,557.4780464172363,485.56113213300705
612,420.7367992401123,125.56362390518188,239.15614128112793,189.37617659568787,778.9358139038086,370.62746465206146,565.0500869750977,483.564128279686
613,415.53165435791016,126.48560643196106,235.91574668884277,192.02882766723633,780.6952285766602,366.5867382287979,572.5041961669922,481.5515863895416
614,410.419979095459,127.52822399139404,232.8592586517334,194.74430680274963,782.1759796142578,362.5211477279663,579.7533988952637,479.32880222797394
615,405.40924072265625,128.68645548820496,229.99023914337158,197.51402020454407,783.3834457397461,358.4437930583954,586.7849922180176,476.9084331393242
616,400.367374420166,129.6804392337799,227.02391624450684,200.20925402641296,784.6779441833496,354.5172321796417,593.8086318969727,474.7419109940529
617,395.419921875,130.79113125801086,224.2411994934082,202.96252012252808,785.709228515625,350.57374119758606,600.6215286254883,472.37955808639526
618,390.5742931365967,132.01376795768738,221.64556503295898,205.76548218727112,786.4830207824707,346.6255670785904,607.2125244140625,469.83358919620514
619,385.7625675201416,133.21017265319824,219.09077167510986,208.55772614479065,787.1845436096191,342.7475434541702,613.6905670166016,467.3270246386528
620,380.9714412689209,134.37789916992188,216.5646457672119,211.3447880744934,787.825927734375,338.9315593242645,620.0739669799805,464.8639038205147
621,376.2817096710205,135.65444827079773,214.22451496124268,214.17781233787537,788.2245826721191,335.11567175388336,626.2348937988281,462.2293335199356
622,371.7007541656494,137.03447699546814,212.07308292388916,217.04788327217102,788.38623046875,331.31167709827423,632.1629905700684,459.4361400604248
623,367.05957412719727,138.25621247291565,209.79307651519775,219.86928820610046,788.6841201782227,327.6210755109787,638.126220703125,456.8960452079773
624,362.51749992370605,139.5824897289276,207.6956033706665,222.7330505847931,788.7546157836914,323.9346742630005,643.8701248168945,454.1978421807289
625,358.0831718444824,141.0097360610962,205.7856559753418,225.6307053565979,788.6015510559082,320.26280522346497,649.3841171264648,451.3512673974037
626,353.67027282714844,142.40904450416565,203.9012861251831,228.5236930847168,788.4142112731934,316.65081918239594,654.8053550720215,448.558991253376
627,349.27001953125,143.7847924232483,202.0391321182251,231.41993165016174,788.1937408447266,313.08786928653717,660.1453971862793,445.81290274858475
628,344.97570991516113,145.25970697402954,200.3629446029663,234.34777736663818,787.7614974975586,309.5413827896118,665.2598762512207,442.9276639223099
629,340.79392433166504,146.8285095691681,198.87475490570068,237.29873299598694,787.1239471435547,306.02090299129486,670.1420402526855,439.914910197258
630,336.5325736999512,148.25849175453186,197.24713325500488,240.23066639900208,786.6382026672363,302.57366359233856,675.0887489318848,437.1278643608093
631,332.3744773864746,149.78374600410461,195.80193042755127,243.1911814212799,785.9543609619141,299.1451406478882,679.8166465759277,434.21301394701004
632,328.32764625549316,151.4011824131012,194.5436668395996,246.1721670627594,785.0752258300781,295.74394404888153,684.3172073364258,431.178622841835
633,324.305362701416,153.0063235759735,193.32281112670898,249.15672540664673,784.1645050048828,292.38872587680817,688.725643157959,428.18292796611786
634,320.2819347381592,154.58558678627014,192.10902214050293,252.15145468711853,783.2505798339844,289.07139122486115,693.0781745910645,425.24478256702423
635,316.36874198913574,156.2552297115326,191.0813856124878,255.16382217407227,782.1508026123047,285.7826381921768,697.2086906433105,422.19462007284164
636,312.57213592529297,158.00997376441956,190.24098873138428,258.18536281585693,780.8719253540039,282.5313502550125,701.1126136779785,419.04426097869873
637,308.7066650390625,159.66967105865479,189.29765224456787,261.215078830719,779.7086334228516,279.319104552269,705.0656890869141,416.05540573596954
638,304.9276828765869,161.39496445655823,188.50341796875,264.25915002822876,778.4052085876465,276.13725900650024,708.8364601135254,412.9949676990509
639,301.26440048217773,163.20384621620178,187.89565086364746,267.3096263408661,776.9308090209961,272.99376368522644,712.386474609375,409.84101980924606
640,297.6624298095703,165.03934621810913,187.3854160308838,270.3642225265503,775.378532409668,269.8902118206024,715.7991600036621,406.6764745116234
641,294.0190887451172,166.8225109577179,186.82743072509766,273.4389191865921,773.8869094848633,266.8107998371124,719.2203712463379,403.6121338605881
642,290.49113273620605,168.68762254714966,186.45568370819092,276.5169471502304,772.2317504882812,263.7706232070923,722.4264335632324,400.4605436325073
643,287.0841407775879,170.62924146652222,186.27050399780273,279.58990573883057,770.4192352294922,260.7767629623413,725.4148864746094,397.23205983638763
644,283.66052627563477,172.5368070602417,186.07126235961914,282.6795369386673,768.6411666870117,257.8084909915924,728.3816528320312,394.08051788806915
645,280.2697563171387,174.45850253105164,185.9377956390381,285.7830083370209,766.8198394775391,254.86751317977905,731.2552642822266,390.9387284517288
646,276.9997215270996,176.45535349845886,185.99045276641846,288.8785135746002,764.8478507995605,251.97343111038208,733.9171600341797,387.7256780862808
647,273.85497093200684,178.52208137512207,186.22857570648193,291.9582313299179,762.7313804626465,249.13255333900452,736.3665390014648,384.4511353969574
648,270.6181240081787,180.5101776123047,186.35514736175537,295.08095026016235,760.7398223876953,246.29029154777527,738.8996315002441,381.3133853673935
649,267.48607635498047,182.56113409996033,186.64589881896973,298.19707095623016,758.6230659484863,243.49138498306274,741.2485313415527,378.12400817871094
650,264.47922706604004,184.68074440956116,187.1217441558838,301.29462003707886,756.3674926757812,240.74565052986145,743.3910942077637,374.8777252435684
651,261.5530014038086,186.833313703537,187.71692276000977,304.3827384710312,754.0359878540039,238.0435287952423,745.3915786743164,371.6228485107422
652,258.55799674987793,188.9357042312622,188.24246406555176,307.5187826156616,751.7911148071289,235.33387541770935,747.4443626403809,368.466671705246
653,255.6880760192871,191.10591173171997,188.9531421661377,310.63384115695953,749.4121170043945,232.6769757270813,749.296817779541,365.2572101354599
654,252.94824600219727,193.3380138874054,189.84742641448975,313.7193524837494,746.905574798584,230.0788164138794,750.948657989502,362.0041358470917
655,250.2272129058838,195.5671226978302,190.7806921005249,316.8189615011215,744.3974876403809,227.50077366828918,752.5457954406738,358.79110157489777
656,247.49073028564453,197.78477311134338,191.7195224761963,319.9534285068512,741.9125747680664,224.92417931556702,754.1284561157227,355.6271517276764
657,244.88399505615234,200.06431818008423,192.8420877456665,323.0568838119507,739.3036079406738,222.40513443946838,755.5166244506836,352.4217939376831
658,242.41121292114258,202.40018963813782,194.14642810821533,326.1214739084244,736.5768241882324,219.9490785598755,756.7109870910645,349.1839599609375
659,239.8936128616333,204.7062885761261,195.41470527648926,329.23492312431335,733.9129257202148,217.480309009552,757.9343032836914,346.01923763751984
660,237.41520881652832,207.03195691108704,196.75786972045898,332.36135959625244,731.2178421020508,215.02959609031677,759.0803718566895,342.8671646118164
661,235.07041454315186,209.41446661949158,198.28332424163818,335.44782042503357,728.4070587158203,212.63984441757202,760.0382995605469,339.6831303834915
662,232.86359310150146,211.8476700782776,199.9880075454712,338.4860336780548,725.4873275756836,210.3164291381836,760.8092308044434,336.476292014122
663,230.54662227630615,214.23513650894165,201.58767700195312,341.62011444568634,722.6856994628906,207.93984174728394,761.6891670227051,333.36163580417633
664,228.3257246017456,216.66579723358154,203.32735061645508,344.7353661060333,719.8045349121094,205.6044852733612,762.4309158325195,330.232994556427
665,226.24255657196045,219.1488254070282,205.24778366088867,347.80230581760406,716.8149948120117,203.33301901817322,762.9907608032227,327.0806962251663
666,224.28448677062988,221.67276263237,207.3273754119873,350.82334756851196,713.7373924255371,201.12167716026306,763.3891868591309,323.91928911209106
667,222.18515396118164,224.15537238121033,209.27646160125732,353.97445499897003,710.7963180541992,198.82858157157898,763.9322662353516,320.84399700164795
668,220.22363662719727,226.6925060749054,211.40802383422852,357.0774435997009,707.7470397949219,196.5969944000244,764.2983055114746,317.7439695596695
669,218.40375423431396,229.2781126499176,213.71875762939453,360.1240414381027,704.5953941345215,194.43158268928528,764.4885063171387,314.6271085739136
670,216.6614055633545,231.88847064971924,216.13301753997803,363.15499663352966,701.4021492004395,192.29871153831482,764.5802879333496,311.52127146720886
671,214.82245445251465,234.48605060577393,218.4737205505371,366.3002461194992,698.3002853393555,190.09606003761292,764.7661399841309,308.4687513113022
672,213.12572479248047,237.13467836380005,220.99599838256836,369.38941061496735,695.0950241088867,187.9570734500885,764.7799873352051,305.3974825143814
673,211.57527923583984,239.8283350467682,223.69618892669678,372.4142986536026,691.7923736572266,185.88664412498474,764.6233749389648,302.3154151439667
674,210.0618839263916,242.53917932510376,226.4559030532837,375.45507073402405,688.4833717346191,183.8208818435669,764.4200706481934,299.25362527370453
675,208.4934139251709,245.25916457176208,229.19098377227783,378.5906320810318,685.2279853820801,181.69959783554077,764.2666625976562,296.22136652469635
676,207.07247257232666,248.02697896957397,232.10695266723633,381.6618847846985,681.873607635498,179.64439272880554,763.9458847045898,293.1759113073349
677,205.8028221130371,250.83621740341187,235.19941806793213,384.6605569124222,678.4259033203125,177.6599657535553,763.4593963623047,290.1250648498535
678,204.54272747039795,253.66302967071533,238.32322597503662,387.70176351070404,674.9934768676758,175.65741777420044,762.9615211486816,287.0951396226883
679,203.26143264770508,256.51411056518555,241.45926475524902,390.81909120082855,671.5877151489258,173.61202955245972,762.4809265136719,284.07929599285126
680,202.13364601135254,259.4097054004669,244.77530479431152,393.86343598365784,668.0862236022949,171.63519859313965,761.8367958068848,281.05540573596954
681,201.16304397583008,262.34254002571106,248.26549530029297,396.82581782341003,664.4956970214844,169.73213911056519,761.0313606262207,278.03191781044006
682,200.1927137374878,265.2986454963684,251.77825927734375,399.84470307826996,660.9269714355469,167.79801964759827,760.2293014526367,275.02404034137726
683,199.2222261428833,268.2887399196625,255.32401084899902,402.92834758758545,657.3699760437012,165.82733631134033,759.4274711608887,272.02102303504944
684,198.41208457946777,271.31889045238495,259.0473175048828,405.92876583337784,653.7212562561035,163.9289116859436,758.4657096862793,269.0161871910095
685,197.76550769805908,274.38180685043335,262.9422855377197,408.8372674584389,649.9868202209473,162.10705876350403,757.3464775085449,266.0169196128845
686,197.1326780319214,277.47496247291565,266.8711566925049,411.79559379816055,646.2658309936523,160.25662422180176,756.2224960327148,263.02682518959045
687,196.5036678314209,280.6083673238754,270.8343029022217,414.8207312822342,642.5558280944824,158.36576342582703,755.1008033752441,260.0365698337555
688,196.04234218597412,283.7762439250946,274.97157096862793,417.7512887120247,638.7580490112305,156.55076622962952,753.8228416442871,257.0505952835083
689,195.75159072875977,286.9720262289047,279.27735328674316,420.5793562531471,634.8773002624512,154.81581687927246,752.3904418945312,254.07562851905823
690,195.51366806030273,290.1996248960495,283.64556312561035,423.42170655727386,630.9895706176758,153.07494521141052,750.9224510192871,251.10835433006287
691,195.26278495788574,293.4749883413315,288.03088188171387,426.35379284620285,627.1245574951172,151.27436757087708,749.4791221618652,248.13451409339905
692,195.18718242645264,296.7787081003189,292.5857448577881,429.17924523353577,623.1749725341797,149.55377340316772,747.8823852539062,245.17119884490967
693,195.28976440429688,300.10193288326263,297.30191230773926,431.88885033130646,619.1478538513184,147.91792631149292,746.1357307434082,242.2264552116394
694,195.50901889801025,303.4484124183655,302.1231937408447,434.54503387212753,615.0829124450684,146.3207995891571,744.3011856079102,239.2968714237213
695,195.6771183013916,306.85697972774506,306.92928314208984,437.33985275030136,611.0617446899414,144.6262764930725,742.5326156616211,236.34784698486328
696,196.02835178375244,310.28408646583557,311.8956470489502,440.0134813785553,606.9620704650879,143.01740169525146,740.6149864196777,233.4181022644043
697,196.56487941741943,313.72109055519104,317.0137882232666,442.5575029850006,602.79052734375,141.49829506874084,738.5517883300781,230.5148148536682
698,197.28801727294922,317.1599131822586,322.2755813598633,444.96443420648575,598.5525512695312,140.07214307785034,736.3463973999023,227.64432549476624
699,197.93322086334229,320.67662715911865,327.498722076416,447.54903495311737,594.3724250793457,138.51856470108032,734.2366218566895,224.74026560783386
700,198.75296115875244,324.20491218566895,332.8597927093506,450.01627564430237,590.1275253295898,137.0431351661682,731.9966697692871,221.86031341552734
701,199.76417541503906,327.7312821149826,338.3598804473877,452.3395621776581,585.8171081542969,135.66275238990784,729.6162986755371,219.0154767036438
702,200.96733570098877,331.2463706731796,343.9885425567627,454.5113870501518,581.4480400085449,134.38079595565796,727.0997428894043,216.21264338493347
703,202.21030712127686,334.8057156801224,349.64816093444824,456.721827685833,577.0858955383301,133.0646574497223,724.5810699462891,213.40359807014465
704,203.53723526000977,338.4007716178894,355.37158012390137,458.9221939444542,572.7066421508789,131.74816489219666,722.0209693908691,210.59619426727295
705,205.05992889404297,341.9789779186249,361.2166500091553,460.9639450907707,568.2701683044434,130.5320942401886,719.3272018432617,207.83340096473694
706,206.77785873413086,345.53090393543243,367.1718978881836,462.84059554338455,563.7836265563965,129.41972851753235,716.5043449401855,205.12217044830322
707,208.66139888763428,349.0621340274811,373.2114028930664,464.5851042866707,559.2634391784668,128.38721752166748,713.5808372497559,202.45638728141785
708,210.52670001983643,352.6766788959503,379.2469596862793,466.45604968070984,554.7678565979004,127.25669860839844,710.7087707519531,199.74940538406372
709,212.58921146392822,356.25737965106964,385.3823661804199,468.1550869345665,550.2251243591309,126.23191237449646,707.7112770080566,197.09739804267883
710,214.8469877243042,359.79432284832,391.6050624847412,469.67666387557983,545.6425094604492,125.31572341918945,704.593563079834,194.5068347454071
711,217.29738235473633,363.27765941619873,397.9021167755127,471.0160008072853,541.0277366638184,124.51019167900085,701.3614082336426,191.98389530181885
712,219.81539726257324,366.7881613969803,404.2187976837158,472.3561665415764,536.4161109924316,123.68975758552551,698.1164360046387,189.46192145347595
713,222.4322748184204,370.3115701675415,410.57167053222656,473.65672275424004,531.7945861816406,122.88165092468262,694.8328971862793,186.95221066474915
714,225.24062633514404,373.7721025943756,416.98513984680176,474.7699695825577,527.1450805664062,122.1860682964325,691.4397811889648,184.51382517814636
715,228.2361602783203,377.16002225875854,423.44555854797363,475.69270446896553,522.4753189086914,121.60455465316772,687.9433250427246,182.15246200561523
716,231.41366958618164,380.46591460704803,429.9390506744385,476.4226099848747,517.793025970459,121.13820433616638,684.3501091003418,179.8733675479889
717,234.59511280059814,383.85282039642334,436.4233589172363,477.2573831677437,513.1253242492676,120.58379173278809,680.7966613769531,177.54782795906067
718,237.94569969177246,387.1697688102722,442.93559074401855,477.92195811867714,508.44486236572266,120.12861013412476,677.1564674377441,175.29284119606018
719,241.47339820861816,390.3948247432709,449.4649028778076,478.391647785902,503.7573051452637,119.78952527046204,673.4256362915039,173.12369585037231
720,245.1715850830078,393.5188150405884,455.9973335266113,478.6657038331032,499.0704345703125,119.56679463386536,669.6112060546875,171.0447371006012
721,248.99737358093262,396.5770161151886,462.5182628631592,478.81216049194336,494.3925476074219,119.41406965255737,665.7461929321289,169.02719020843506
722,252.86121368408203,399.68219339847565,469.02697563171387,479.00466799736023,489.7224998474121,119.212646484375,661.8954277038574,166.98431253433228
723,256.8873596191406,402.67674565315247,475.5218982696533,479.0024310350418,485.0592041015625,119.12741661071777,657.9681015014648,165.03448605537415
724,261.068058013916,405.5528113245964,481.9898986816406,478.806511759758,480.40992736816406,119.15809035301208,653.9710807800293,163.18157315254211
725,265.3935241699219,408.3022713661194,488.41604232788086,478.41911494731903,475.78328132629395,119.30376648902893,649.9127197265625,161.4293396472931
726,269.79729652404785,411.01581931114197,494.8036766052246,477.97381460666656,471.1756896972656,119.47303533554077,645.8402252197266,159.70832705497742
727,274.26830291748047,413.71780425310135,501.1592102050781,477.5005804002285,466.58108711242676,119.64555501937866,641.7599487304688,157.99996376037598
728,278.8729190826416,416.2855151295662,507.4578094482422,476.84038683772087,462.0146083831787,119.93133902549744,637.6254272460938,156.3934063911438
729,283.60124588012695,418.7129411101341,513.6870002746582,475.9972532093525,457.48340606689453,120.32900333404541,633.4440422058105,154.8913586139679
730,288.4434413909912,420.99461048841476,519.8351669311523,474.97548446059227,452.9942321777344,120.83642363548279,629.2228889465332,153.4957194328308
731,293.3269786834717,423.2683539390564,525.930347442627,473.94995391368866,448.5270881652832,121.3329005241394,625.0109481811523,152.10455417633057
732,298.2813262939453,425.47914057970047,531.9624137878418,472.8506438434124,444.0870666503906,121.86745405197144,620.786304473877,150.7572591304779
733,303.3346366882324,427.53887593746185,537.8995513916016,471.58108323812485,439.6951103210449,122.50864148139954,616.5300178527832,149.5164692401886
734,308.475980758667,429.4437700510025,543.7310600280762,470.14738351106644,435.3576850891113,123.25385570526123,612.2494125366211,148.38340759277344
735,313.6940860748291,431.1902743577957,549.4470405578613,468.5556882619858,431.08102798461914,124.099942445755,607.9516983032227,147.35875010490417
736,318.92918586730957,432.95614689588547,555.1090049743652,467.00099140405655,426.82162284851074,124.91014122962952,603.6742401123047,146.31426572799683
737,324.2193031311035,434.61804896593094,560.6732940673828,465.35041093826294,422.6088523864746,125.77908039093018,599.3910598754883,145.33766269683838
738,329.5701313018799,436.1199679970741,566.1118125915527,463.55305194854736,418.4618282318115,126.74457907676697,595.0983810424805,144.4680154323578
739,334.97117042541504,437.4605280160904,571.417236328125,461.61599546670914,414.3855285644531,127.80316114425659,590.8023834228516,143.70500206947327
740,340.41077613830566,438.638691008091,576.5816116333008,459.5471593737602,410.38538932800293,128.95102858543396,586.5100479125977,143.04839730262756
741,345.8493232727051,439.86162543296814,581.6976356506348,457.54653453826904,406.39540672302246,130.04456520080566,582.2433471679688,142.35078692436218
742,351.3175964355469,440.95187097787857,586.6864013671875,455.4445704817772,402.4709701538086,131.20710968971252,577.9825973510742,141.7375373840332
743,356.80864334106445,441.88150584697723,591.5282249450684,453.2231220602989,398.6263847351074,132.453693151474,573.7321472167969,141.22763872146606
744,362.3115062713623,442.6511576771736,596.2176132202148,450.8903083205223,394.8661422729492,133.78013134002686,569.498233795166,140.82002878189087
745,367.81657218933105,443.26195299625397,600.7503318786621,448.45399886369705,391.19373321533203,135.18224000930786,565.2861213684082,140.5130660533905
746,373.31007957458496,443.94335746765137,605.247917175293,446.10976696014404,387.520694732666,136.51653170585632,561.0990142822266,140.1458501815796
747,378.8013553619385,444.47298645973206,609.5933532714844,443.6695468425751,383.9321708679199,137.9226315021515,556.9333076477051,139.87403512001038
748,384.2811584472656,444.84894901514053,613.7809181213379,441.1381021142006,380.43331146240234,139.3991231918335,552.7943229675293,139.69900488853455
749,389.73873138427734,445.07343381643295,617.8066635131836,438.52392196655273,377.0280361175537,140.941082239151,548.6881828308105,139.61869955062866
750,395.16594886779785,445.16815066337585,621.6794586181641,435.8493760228157,373.7108516693115,142.5334131717682,544.6185493469238,139.61786270141602
751,400.5758857727051,445.3227826952934,625.5147743225098,433.25644701719284,370.3952407836914,144.06877398490906,540.5710029602051,139.56414341926575
752,405.95240592956543,445.3325915336609,629.1904449462891,430.59187084436417,367.17350006103516,145.66429138183594,536.5596771240234,139.6005141735077
753,411.28661155700684,445.20116597414017,632.7046966552734,427.8637343645096,364.04826164245605,147.31555581092834,532.5892639160156,139.72481846809387
754,416.57066345214844,444.93208676576614,636.0566139221191,425.079408288002,361.02149963378906,149.0182864665985,528.6638832092285,139.93454575538635
755,421.803560256958,444.5721933245659,639.2733192443848,422.275367975235,358.0740451812744,150.7454788684845,524.7823333740234,140.1972198486328
756,427.0103359222412,444.2535871267319,642.4449348449707,419.53816294670105,355.13654708862305,152.4298632144928,520.9232711791992,140.4210126399994
757,432.15760231018066,443.8055670261383,645.4586791992188,416.7548829317093,352.2972106933594,154.16024208068848,517.1122741699219,140.7252073287964
758,437.23889350891113,443.2325264811516,648.3148956298828,413.9323675632477,349.5572090148926,155.93265652656555,513.3523750305176,141.10729336738586
759,442.24714279174805,442.5392371416092,651.0138702392578,411.0778346657753,346.91802978515625,157.74263262748718,509.64746475219727,141.56434178352356
760,447.196626663208,441.7991405725479,653.6065292358398,408.23809146881104,344.34102058410645,159.553542137146,505.9856414794922,142.0453691482544
761,452.10845947265625,441.0793536901474,656.1440277099609,405.4505869746208,341.7860412597656,161.3350009918213,502.349910736084,142.5036084651947
762,456.9418430328369,440.24787962436676,658.5310935974121,402.6385563611984,339.3299102783203,163.149676322937,498.7701416015625,143.03204655647278
763,461.69105529785156,439.3097475171089,660.769157409668,399.8085254430771,336.97360038757324,164.9934160709381,495.24959564208984,143.6278510093689
764,466.3516044616699,438.26984971761703,662.860107421875,396.96608662605286,334.7171974182129,166.86232566833496,491.79039001464844,144.28799629211426
765,470.9588813781738,437.23177045583725,664.8832511901855,394.167115688324,332.49773025512695,168.71047496795654,488.3657455444336,144.94003057479858
766,475.51305770874023,436.1887988448143,666.8360710144043,391.40552937984467,330.3172302246094,170.5429172515869,484.97474670410156,145.58926463127136
767,479.9759101867676,435.05244612693787,668.649787902832,388.6370551586151,328.23389053344727,172.39702105522156,481.6449737548828,146.29846215248108
768,484.3436050415039,433.8276368379593,670.3265762329102,385.8668267726898,326.24799728393555,174.26902055740356,478.37894439697266,147.064790725708
769,488.61242294311523,432.5194725394249,671.868953704834,383.09988141059875,324.3592643737793,176.15521430969238,475.1785182952881,147.88509607315063
770,492.8474807739258,431.26639544963837,673.3910179138184,380.399626493454,322.4725914001465,178.0018186569214,471.9953727722168,148.6622714996338
771,497.00883865356445,429.97672230005264,674.8213005065918,377.72124230861664,320.6488609313965,179.84623432159424,468.8586616516113,149.46107625961304
772,501.07120513916016,428.6111292243004,676.1252403259277,375.0495207309723,318.91900062561035,181.70223712921143,465.78646659851074,150.31015634536743
773,505.03217697143555,427.1746051311493,677.3058700561523,372.3887747526169,317.28243827819824,183.56680154800415,462.78027534484863,151.20684027671814
774,508.8950729370117,425.6811994314194,678.3741760253906,369.7464555501938,315.7313346862793,185.43339371681213,459.83734130859375,152.14143991470337
775,512.7500152587891,424.28015291690826,679.4637107849121,367.1790021657944,314.15061950683594,187.25154519081116,456.89151763916016,153.00773978233337
776,516.5050506591797,422.81454026699066,680.4378890991211,364.62442338466644,312.6595973968506,189.07626271247864,454.010009765625,153.91839265823364
777,520.1590347290039,421.2885296344757,681.2996864318848,362.08566427230835,311.2572383880615,190.90490698814392,451.19336128234863,154.87075924873352
778,523.7097358703613,419.70711797475815,682.0520782470703,359.56689298152924,309.94314193725586,192.7341628074646,448.44343185424805,155.86207151412964
779,527.2042465209961,418.14306288957596,682.7620697021484,357.09297358989716,308.6585998535156,194.54137086868286,445.72540283203125,156.84044480323792
780,530.6596755981445,416.6131415963173,683.4494018554688,354.6661591529846,307.386531829834,196.32331252098083,443.0266857147217,157.79351949691772
781,534.0151977539062,415.03247022628784,684.0347099304199,352.2592681646347,306.1988353729248,198.10502886772156,440.3921127319336,158.78312587738037
782,537.2696113586426,413.40552270412445,684.5207977294922,349.87539052963257,305.0944519042969,199.88417029380798,437.8223419189453,159.8069143295288
783,540.4224586486816,411.7365074157715,684.9109840393066,347.51732647418976,304.0723514556885,201.65812969207764,435.3182601928711,160.86230993270874
784,543.5825157165527,410.16138821840286,685.3406524658203,345.2204489707947,303.0091381072998,203.3920168876648,432.7993869781494,161.84985637664795
785,546.6550827026367,408.5558286309242,685.689811706543,342.9490953683853,302.01476097106934,205.11975646018982,430.3356456756592,162.86073803901672
786,549.6300315856934,406.91141188144684,685.9494781494141,340.7024610042572,301.09917640686035,206.84218525886536,427.93487548828125,163.9016819000244
787,552.5070190429688,405.2320244908333,686.1225128173828,338.4828954935074,300.2610969543457,208.55708241462708,425.5974769592285,164.97033834457397
788,555.3483009338379,403.59068155288696,686.2838745117188,336.30674958229065,299.4313144683838,210.2477753162384,423.2772731781006,166.01298809051514
789,558.1579399108887,401.98460698127747,686.4345932006836,334.1699677705765,298.60888481140137,211.91722512245178,420.9715747833252,167.03149795532227
790,560.873966217041,400.34576654434204,686.5042304992676,332.05853283405304,297.8606700897217,213.57956171035767,418.7263584136963,168.07672262191772
791,563.4963798522949,398.67766857147217,686.4956474304199,329.9744886159897,297.185583114624,215.2327573299408,416.54211044311523,169.14647340774536
792,566.0505294799805,397.00965106487274,686.4394569396973,327.923886179924,296.5554141998291,216.87047123908997,414.4002628326416,170.2193784713745
793,568.6199569702148,395.42246997356415,686.425724029541,325.9169125556946,295.88361740112305,218.4802794456482,412.23804473876953,171.2343156337738
794,571.1006927490234,393.80717396736145,686.3384628295898,323.93494784832,295.2818298339844,220.08213758468628,410.1335620880127,172.27352142333984
795,573.4921073913574,392.16720700263977,686.1801910400391,321.98019683361053,294.74907875061035,221.673663854599,408.0877876281738,173.33474278450012
796,575.7951736450195,390.505433678627,685.9535980224609,320.0538182258606,294.2837619781494,223.2534420490265,406.10034942626953,174.41614508628845
797,578.1488800048828,388.9520162343979,685.8059120178223,318.16920161247253,293.7421703338623,224.80512142181396,404.0662479400635,175.418883562088
798,580.4184722900391,387.37384736537933,685.590991973877,316.30867660045624,293.2668972015381,226.3481104373932,402.0874214172363,176.44389510154724
799,582.6040649414062,385.7740169763565,685.3113555908203,314.47401344776154,292.85682678222656,227.8807032108307,400.164270401001,177.48931288719177
800,584.7061157226562,384.1550678014755,684.9692344665527,312.66638696193695,292.5105857849121,229.40122604370117,398.29676628112793,178.55330228805542
801,586.8586349487305,382.63620257377625,684.7032165527344,310.8934736251831,292.09081649780273,230.89925050735474,396.38294219970703,179.54458236694336
802,588.9420318603516,381.10447883605957,684.3862152099609,309.144104719162,291.7232322692871,232.38742589950562,394.5138931274414,180.54944515228271
803,590.9462356567383,379.5530730485916,684.0095329284668,307.41897225379944,291.4174747467041,233.86549472808838,392.6976013183594,181.5737807750702
804,592.8715324401855,377.9845440387726,683.5753440856934,305.7194119691849,291.1724853515625,235.3316867351532,390.9345817565918,182.61565804481506
805,594.8638343811035,376.52186036109924,683.2309913635254,304.04809534549713,290.83974838256836,236.77982211112976,389.1125679016113,183.57951521873474
806,596.7856979370117,375.0418281555176,682.8335380554199,302.39782869815826,290.56262969970703,238.21965336799622,387.33704566955566,184.56091403961182
807,598.6326599121094,373.5433852672577,682.3805236816406,300.77014088630676,290.34459114074707,239.6496033668518,385.61193466186523,185.56094884872437
808,600.4245758056641,372.0452320575714,681.8938636779785,299.1662710905075,290.1646041870117,241.06754779815674,383.92255783081055,186.56513571739197
809,602.278003692627,370.6398242712021,681.4881134033203,297.5837570428848,289.9050807952881,242.4736475944519,382.1783638000488,187.500958442688
810,604.0608215332031,369.2139780521393,681.0282325744629,296.0202169418335,289.7032070159912,243.8722801208496,380.4814338684082,188.45683336257935
811,605.7732009887695,367.77005910873413,680.5161666870117,294.47711527347565,289.5582103729248,245.26196479797363,378.83228302001953,189.431312084198
812,607.4764251708984,366.35975897312164,680.0149154663086,292.95421063899994,289.40606117248535,246.64157509803772,377.1837043762207,190.38371086120605
813,609.2080879211426,365.0077646970749,679.5586967468262,291.44701302051544,289.2105960845947,248.01436185836792,375.50594329833984,191.2939453125
814,610.8732032775879,363.6354446411133,679.0509796142578,289.95687425136566,289.07092094421387,249.3809688091278,373.87292861938477,192.22458600997925
815,612.4715423583984,362.244810461998,678.493537902832,288.4850335121155,288.9862632751465,250.73952913284302,372.2853755950928,193.17399144172668
816,614.1223526000977,360.9324538707733,678.0072784423828,287.0272582769394,288.83222579956055,252.09226369857788,370.6506156921387,194.06539678573608
817,615.7515335083008,359.6312016248703,677.512321472168,285.5819231271744,288.68974685668945,253.44177961349487,369.0256690979004,194.9517810344696
818,617.317943572998,358.3088833093643,676.9678688049316,284.15129721164703,288.60151290893555,254.78646755218506,367.4428939819336,195.85924744606018
819,618.8485336303711,356.99020206928253,676.4036750793457,282.73571848869324,288.53774070739746,256.1253619194031,365.88191986083984,196.76813006401062
820,620.4508781433105,355.75827956199646,675.9278297424316,281.3273173570633,288.3859634399414,257.4642884731293,364.2583179473877,197.61112689971924
821,621.9939422607422,354.5025873184204,675.4026031494141,279.9302136898041,288.2879161834717,258.80128383636475,362.6740550994873,198.47713708877563
822,623.4774971008301,353.2247346639633,674.8289680480957,278.54553401470184,288.24328422546387,260.1348352432251,361.1298179626465,199.36503410339355
823,625.0064849853516,352.0129770040512,674.318733215332,277.1684020757675,288.13714027404785,261.46870851516724,359.5440101623535,200.20378232002258
824,626.5335845947266,350.82011282444,673.8165092468262,275.79659700393677,288.02501678466797,262.80522108078003,357.95262336730957,201.03078246116638
825,628.004264831543,349.6022719144821,673.2655906677246,274.4339329004288,287.96613693237305,264.1414439678192,356.39842987060547,201.8819224834442
826,629.447078704834,348.38575065135956,672.6985931396484,273.08008790016174,287.92765617370605,265.47711968421936,354.8598575592041,202.7359914779663
827,630.9620475769043,347.25091874599457,672.2209167480469,271.7264360189438,287.79994010925293,266.81984424591064,353.2584857940674,203.5274577140808
828,632.4240875244141,346.0880845785141,671.6942596435547,270.37832021713257,287.72509574890137,268.1654977798462,351.69116020202637,204.34522032737732
829,633.8326263427734,344.8987287282944,671.1193656921387,269.0370762348175,287.7030658721924,269.5127606391907,350.1587963104248,205.18847465515137
830,635.2967262268066,343.77813935279846,670.6186866760254,267.69599318504333,287.6082229614258,270.867201089859,348.5771656036377,205.9794580936432
831,636.7521286010742,342.6633596420288,670.1152038574219,266.35507106781006,287.51830101013184,272.22947895526886,346.99499130249023,206.7690896987915
832,638.1568336486816,341.51924192905426,669.5627975463867,265.017786026001,287.48133659362793,273.59666526317596,345.444974899292,207.58659482002258
833,639.5465469360352,340.37975907325745,669.0043830871582,263.6830759048462,287.4540710449219,274.9692749977112,343.9002227783203,208.4041965007782
834,640.9947967529297,339.3048906326294,668.5208702087402,262.34270095825195,287.3524761199951,276.3547593355179,342.3035144805908,209.17200565338135
835,642.3952102661133,338.19783568382263,667.9876899719238,261.00271224975586,287.30395317077637,277.7485638856888,340.73607444763184,209.97007012367249
836,643.7467002868652,337.0599138736725,667.4053573608398,259.6645259857178,287.30884552001953,279.1490310430527,339.19921875,210.79755306243896
837,645.1523780822754,335.9844499826431,666.8963241577148,258.32051396369934,287.2420120239258,280.56282341480255,337.6145267486572,211.57711029052734
838,646.5463829040527,334.90539729595184,666.3775062561035,256.97173833847046,287.18713760375977,281.9896996021271,336.03100776672363,212.36316919326782
839,647.8936958312988,333.7929832935333,665.8086776733398,255.62196493148804,287.1861934661865,283.4264087677002,334.4757556915283,213.18093180656433
840,649.21875,332.6717984676361,665.2214813232422,254.27045345306396,287.2075653076172,284.8730796575546,332.9307746887207,214.0099275112152
841,650.603084564209,331.61115646362305,664.7107315063477,252.90735483169556,287.1532344818115,286.3393199443817,331.3334655761719,214.7921884059906
842,651.9427299499512,330.51446557044983,664.149055480957,251.54036164283752,287.153377532959,287.8184348344803,329.76210594177246,215.6084382534027
843,653.236255645752,329.38322246074677,663.5367393493652,250.1713728904724,287.2087097167969,289.30871844291687,328.218469619751,216.45806550979614
844,654.5547866821289,328.2825565338135,662.9620170593262,248.7933075428009,287.2290802001953,290.81606090068817,326.649112701416,217.28583812713623
845,655.8823013305664,327.1922868490219,662.4005126953125,247.40468502044678,287.23840713500977,292.343133687973,325.06507873535156,218.1091046333313
846,657.1650695800781,326.0648739337921,661.787166595459,246.01136326789856,287.3039245605469,293.8842397928238,323.50685119628906,218.9680016040802
847,658.4017181396484,324.9015086889267,661.1222648620605,244.61501598358154,287.42634773254395,295.4376894235611,321.976261138916,219.8619818687439
848,659.6975326538086,323.79458248615265,660.5348968505859,243.20183515548706,287.47241020202637,297.0165663957596,320.39377212524414,220.71231722831726
849,660.9645080566406,322.6616656780243,659.9131393432617,241.78012490272522,287.5569820404053,298.6135321855545,318.82481575012207,221.5891420841217
850,662.186393737793,321.49060785770416,659.238452911377,240.3532326221466,287.69986152648926,300.2257865667343,317.28203773498535,222.50359296798706
851,663.3716583251953,320.29096841812134,658.5233688354492,238.92122268676758,287.8889751434326,301.85297548770905,315.7595729827881,223.4477198123932
852,664.6173477172852,319.1437929868698,657.8855895996094,237.46777653694153,288.0018138885498,303.51043581962585,314.1840934753418,224.35109853744507
853,665.8185768127441,317.95630395412445,657.1937370300293,236.00715279579163,288.17456245422363,305.18561482429504,312.63379096984863,225.2944850921631
854,666.9736862182617,316.72941863536835,656.4475250244141,234.54102516174316,288.4082508087158,306.8768388032913,311.1105251312256,226.2774932384491
855,668.104133605957,315.48317313194275,655.675163269043,233.06678652763367,288.67435455322266,308.5863447189331,309.59864616394043,227.28306412696838
856,669.2788696289062,314.27125453948975,654.9588203430176,231.56972765922546,288.88641357421875,310.32840728759766,308.04551124572754,228.26372265815735
857,670.407772064209,313.01789581775665,654.1866874694824,230.06545901298523,289.16144371032715,312.0887839794159,306.51881217956543,229.28651332855225
858,671.4890098571777,311.7239499092102,653.3584785461426,228.5555899143219,289.50061798095703,313.8656884431839,305.02063751220703,230.3511142730713
859,672.5461578369141,310.4099678993225,652.5045776367188,227.0361614227295,289.8727798461914,315.66264510154724,303.5335350036621,231.43956542015076
860,673.6428451538086,309.12329614162445,651.6999435424805,225.49201369285583,290.19859313964844,317.4952965974808,302.00889587402344,232.51012086868286
861,674.6916389465332,307.79371976852417,650.837516784668,223.94052743911743,290.5909252166748,319.34647142887115,300.51249504089355,233.62502932548523
862,675.6907653808594,306.4225101470947,649.9170684814453,222.38369822502136,291.05112075805664,321.21438324451447,299.04662132263184,234.7840654850006
863,676.655387878418,305.0231856107712,648.958683013916,220.81904768943787,291.55860900878906,323.1012850999832,297.6002311706543,235.97554564476013
864,677.666015625,303.65210473537445,648.0560302734375,219.22465682029724,292.0132827758789,325.029433965683,296.1112117767334,237.14845418930054
865,678.6263465881348,302.23715364933014,647.0934104919434,217.6235067844391,292.53862380981445,326.9761222600937,294.6529197692871,238.36822628974915
866,679.5343780517578,300.77982902526855,646.0708808898926,216.0178506374359,293.1357765197754,328.93904864788055,293.2280158996582,239.63437914848328
867,680.3885650634766,299.2806941270828,644.9878120422363,214.40900802612305,293.80611419677734,330.9163302183151,291.8382740020752,240.9466552734375
868,681.3027191162109,297.8162080049515,643.9762687683105,212.7634084224701,294.4073009490967,332.9428732395172,290.3951168060303,242.2350811958313
869,682.1653747558594,296.30814135074615,642.9043579101562,211.1113715171814,295.0813579559326,334.98790740966797,288.98448944091797,243.57185125350952
870,682.9731559753418,294.7563976049423,641.77001953125,209.4554078578949,295.8320903778076,337.0486807823181,287.6103687286377,244.95764136314392
871,683.7240028381348,293.16205501556396,640.572681427002,207.79725551605225,296.6604423522949,339.12308514118195,286.27464294433594,246.39203310012817
872,684.5051193237305,291.57991111278534,639.4121932983398,206.10865473747253,297.45823860168457,341.2407159805298,284.9092197418213,247.82417178153992
873,685.261116027832,289.9719536304474,638.2226371765137,204.40531253814697,298.29723358154297,343.38564097881317,283.5571575164795,249.28978443145752
874,685.9588050842285,288.3192729949951,636.9677352905273,202.69888043403625,299.21756744384766,345.5454361438751,282.2449493408203,250.8071208000183
875,686.5962409973145,286.62351071834564,635.6474304199219,200.9919011592865,300.2207279205322,347.7174299955368,280.97548484802246,252.37563371658325
876,687.2234916687012,284.91414964199066,634.3184280395508,199.26651120185852,301.24451637268066,349.91988837718964,279.70913887023926,253.96722435951233
877,687.8637313842773,283.2002180814743,633.003044128418,197.51144528388977,302.2640132904053,352.1657180786133,278.4268569946289,255.57355642318726
878,688.4420013427734,281.4410161972046,631.6197395324707,195.75502753257751,303.3702278137207,354.4244706630707,277.1891784667969,257.2341227531433
879,688.956356048584,279.63815331459045,630.1682281494141,193.9996075630188,304.56456184387207,356.69341027736664,275.9988498687744,258.94837617874146
880,689.4076538085938,277.79426872730255,628.6511421203613,192.24605441093445,305.84484100341797,358.9711529016495,274.856014251709,260.71425676345825
881,689.9226951599121,275.9699374437332,627.2030067443848,190.44058442115784,307.0601749420166,361.31614923477173,273.6569881439209,262.4723160266876
882,690.3718757629395,274.0994507074356,625.6835746765137,188.63521099090576,308.3683490753174,363.67236256599426,272.50760078430176,264.2876994609833
883,690.7531929016113,272.1846431493759,624.0927886962891,186.83263778686523,309.77033615112305,366.03638112545013,271.4107418060303,266.15944147109985
884,691.0644149780273,270.2270436286926,622.430248260498,185.03518223762512,311.2675952911377,368.405082821846,270.3694152832031,268.0867052078247
885,691.3846778869629,268.26170325279236,620.7792091369629,183.20776104927063,312.76628494262695,370.816850066185,269.31864738464355,270.0345039367676
886,691.6941833496094,266.27569913864136,619.1155815124512,181.35571718215942,314.29304122924805,373.266259431839,268.27385902404785,272.0159214735031
887,691.9313049316406,264.2447626590729,617.3771667480469,179.50850129127502,315.92004776000977,375.7205128669739,267.2877502441406,274.0565299987793
888,692.0939826965332,262.17066407203674,615.5635070800781,177.66881704330444,317.6485061645508,378.17642390727997,266.3631820678711,276.1555087566376
889,692.1909713745117,260.0595188140869,613.6857032775879,175.83418607711792,319.4667434692383,380.6356018781662,265.49437522888184,278.3069998025894
890,692.3487281799316,257.9540705680847,611.868782043457,173.9392375946045,321.23053550720215,383.1716573238373,264.5735263824463,280.4663121700287
891,692.4292373657227,255.8034324645996,609.9732398986816,172.05172419548035,323.10081481933594,385.7087427377701,263.71790885925293,282.6874226331711
892,692.4303817749023,253.60976099967957,607.9990768432617,170.17470359802246,325.0787544250488,388.242609500885,262.93127059936523,284.9688184261322
893,692.3502159118652,251.37518048286438,605.9462356567383,168.31100821495056,327.16572761535645,390.76965272426605,262.2168731689453,287.3094856739044
894,692.2686767578125,249.12434577941895,603.8932800292969,166.41786217689514,329.26992416381836,393.3374923467636,261.50599479675293,289.68248426914215
895,692.1784973144531,246.8509805202484,601.8301963806152,164.4961667060852,331.40316009521484,395.9456938505173,260.8047866821289,292.09486305713654
896,692.0034027099609,244.53487157821655,599.6844291687012,162.58831143379211,333.6507511138916,398.5456717014313,260.1804542541504,294.5700055360794
897,691.7415046691895,242.1783685684204,597.4561500549316,160.69748282432556,336.0135841369629,401.13269448280334,259.6366596221924,297.1059322357178
898,691.3908576965332,239.78449702262878,595.1458740234375,158.82735013961792,338.4919738769531,403.70169281959534,259.1770648956299,299.7003096342087
899,691.102409362793,237.3845100402832,592.8932762145996,156.88692212104797,340.92026710510254,406.3573130965233,258.66740226745605,302.3165899515152
900,690.7344245910645,234.94467616081238,590.5641746520996,154.95782375335693,343.45776557922363,409.00549829006195,258.2341003417969,304.9944269657135
901,690.2736282348633,232.46580004692078,588.1486701965332,153.05038690567017,346.11674308776855,411.63335770368576,257.8907775878906,307.73417472839355
902,689.718132019043,229.95068192481995,585.6470489501953,151.16811990737915,348.89771461486816,414.23579782247543,257.64126777648926,310.53345143795013
903,689.1164016723633,227.40939617156982,583.1048011779785,149.28215146064758,351.7466926574707,416.8456569314003,257.4430274963379,313.38057339191437
904,688.5365295410156,224.84722137451172,580.579833984375,147.34523177146912,354.5939254760742,419.5181107521057,257.23388671875,316.26767098903656
905,687.857494354248,222.24764585494995,577.9645156860352,145.43522000312805,357.56884574890137,422.16122657060623,257.12531089782715,319.2168241739273
906,687.0771217346191,219.61366295814514,575.258674621582,143.5558819770813,360.67216873168945,424.7700235247612,257.1213626861572,322.22598910331726
907,686.1936950683594,216.94958567619324,572.4637413024902,141.7118203639984,363.9027500152588,427.3378309607506,257.2258472442627,325.2911424636841
908,685.3143882751465,214.26339626312256,569.6722412109375,139.8293924331665,367.14863777160645,429.950313270092,257.34028816223145,328.3989107608795
909,684.3953704833984,211.5475308895111,566.843433380127,137.93499112129211,370.45875549316406,432.5764587521553,257.50545501708984,331.559818983078
910,683.3682060241699,208.8007664680481,563.920783996582,136.07834458351135,373.9020538330078,435.1564085483551,257.78712272644043,334.77869510650635
911,682.2312927246094,206.02754473686218,560.9054946899414,134.2641520500183,377.47730255126953,437.6836368441582,258.1893539428711,338.05145144462585
912,680.9825706481934,203.23137402534485,557.7981948852539,132.4964690208435,381.1841583251953,440.15173852443695,258.7162113189697,341.3743543624878
913,679.782886505127,200.40835976600647,554.7292327880859,130.65404891967773,384.8624897003174,442.70418494939804,259.21497344970703,344.7431552410126
914,678.4850692749023,197.55875945091248,551.5769004821777,128.8448131084442,388.6608409881592,445.2127209305763,259.8267459869385,348.1662708520889
915,677.0702934265137,194.68724012374878,548.3287239074707,127.0862066745758,392.5950336456299,447.6542767882347,260.5722999572754,351.6391146183014
916,675.5370140075684,191.79879069328308,544.9862480163574,125.38331508636475,396.6629219055176,450.02196460962296,261.45538330078125,355.15672981739044
917,673.9107513427734,188.89508485794067,541.5715026855469,123.71888637542725,400.8370113372803,452.3352813720703,262.4531936645508,358.7160265445709
918,672.3171615600586,185.95800161361694,538.1786155700684,121.98747754096985,405.00017166137695,454.7198751568794,263.4433078765869,362.328736782074
919,670.5992317199707,183.00546884536743,534.6871948242188,120.31667590141296,409.30097579956055,457.0216530561447,264.5808792114258,365.98496317863464
920,668.755931854248,180.04324793815613,531.0995864868164,118.71185660362244,413.73619079589844,459.2329144477844,265.8695411682129,369.6783810853958
921,666.7863464355469,177.07710027694702,527.4183082580566,117.17839479446411,418.30238342285156,461.3457253575325,267.3128128051758,373.402424454689
922,664.7541046142578,174.09733772277832,523.6911392211914,115.66315054893494,422.9391860961914,463.4229862689972,268.8489246368408,377.1629995107651
923,662.7076148986816,171.08741641044617,519.9489784240723,114.11813378334045,427.6068305969238,465.5224075913429,270.4292392730713,380.9753304719925
924,660.5295181274414,168.07755947113037,516.1106872558594,112.6512336730957,432.4060821533203,467.5121936202049,272.1741485595703,384.81344282627106
925,658.2188415527344,165.07314205169678,512.1785545349121,111.26743912696838,437.3334503173828,469.38455522060394,274.0869998931885,388.6703360080719
926,655.7755279541016,162.0814061164856,508.15629959106445,109.9728012084961,442.3832416534424,471.13174349069595,276.1702251434326,392.5380116701126
927,653.2936477661133,159.07357692718506,504.1070365905762,108.67813110351562,447.47474670410156,472.860392332077,278.3286380767822,396.4406418800354
928,650.7574653625488,156.04926824569702,500.01720428466797,107.39414691925049,452.623872756958,474.5570155978203,280.5790901184082,400.37944972515106
929,648.083324432373,153.0426299571991,495.83547592163086,106.20688319206238,457.89419174194336,476.11575186252594,283.00981521606445,404.32141184806824
930,645.2725410461426,150.06183743476868,491.5671730041504,105.12245535850525,463.2776641845703,477.5287114083767,285.6219005584717,408.2566550374031
931,642.3253440856934,147.1133279800415,487.2161293029785,104.14572358131409,468.76819610595703,478.78823786973953,288.4171772003174,412.17606246471405
932,639.3582916259766,144.14331793785095,482.85112380981445,103.15338134765625,474.2768955230713,480.0443123281002,291.2739658355713,416.1308750510216
933,636.3039779663086,141.1795198917389,478.4304141998291,102.21398591995239,479.8550033569336,481.2120911478996,294.2639923095703,420.0937423110008
934,633.1095886230469,138.2561480998993,473.92796516418457,101.39168500900269,485.5341911315918,482.2134657204151,297.4448776245117,424.0294522047043
935,629.7769546508789,135.38047671318054,469.34932708740234,100.69140315055847,491.30578994750977,483.0410572886467,300.81676483154297,427.92718201875687
936,626.3090515136719,132.56138920783997,464.7015953063965,100.1185154914856,497.1592712402344,483.6885130405426,304.3780517578125,431.775658428669
937,622.8359413146973,129.71272230148315,460.0484275817871,99.51575875282288,503.0108070373535,484.3465219438076,307.98909187316895,435.66114127635956
938,619.2508506774902,126.90187454223633,455.335750579834,99.00959372520447,508.9278030395508,484.86060082912445,311.7656421661377,439.51420426368713
939,615.5284881591797,124.15655851364136,450.5570125579834,98.63986730575562,514.9170684814453,485.1820957660675,315.73657035827637,443.3032563328743
940,611.6725158691406,121.48533582687378,445.7197666168213,98.41127872467041,520.9672164916992,485.30552700161934,319.8991012573242,447.01666206121445
941,607.6869964599609,118.89609217643738,440.8316230773926,98.32762598991394,527.0668029785156,485.2259096503258,324.2497730255127,450.6425526738167
942,603.7078857421875,116.26545667648315,435.9423637390137,98.19974899291992,533.148021697998,485.17338529229164,328.6387825012207,454.3106397986412
943,599.6027755737305,113.71290564537048,431.00329399108887,98.21181893348694,539.2728424072266,484.9238996207714,333.2124423980713,457.89224177598953
944,595.3690910339355,111.25314831733704,426.0197925567627,98.37764382362366,545.4326248168945,484.4618220627308,337.9742431640625,461.3691249489784
945,591.0128974914551,108.89448881149292,421.00135803222656,98.70002388954163,551.6136360168457,483.7840788066387,342.91783332824707,464.7287607192993
946,586.5519905090332,106.63071513175964,415.95977783203125,99.16280150413513,557.7988243103027,482.91135773062706,348.0235290527344,467.9748183488846
947,582.0843887329102,104.33526992797852,410.91230392456055,99.60124611854553,563.9605522155762,482.0428289473057,353.1804656982422,471.2442272901535
948,577.4981117248535,102.15186595916748,405.8390522003174,100.20335912704468,570.1257133483887,480.95220923423767,358.5142993927002,474.3778654932976
949,572.8000259399414,100.08832454681396,400.74986457824707,100.97116827964783,576.2802886962891,479.6386416256428,364.0169906616211,477.3641176521778
950,567.9984855651855,98.1523060798645,395.65561294555664,101.90563917160034,582.4091720581055,478.10272961854935,369.6786117553711,480.1914770901203
951,563.1258773803711,96.30534768104553,390.56413650512695,102.95569181442261,588.4992599487305,476.4070598781109,375.46122550964355,482.8997142612934
952,558.2275772094727,94.45993423461914,385.4692554473877,104.02376890182495,594.5532417297363,474.6690648794174,381.31218910217285,485.5854369699955
953,553.2316017150879,92.7515709400177,380.379638671875,105.26291728019714,600.5629348754883,472.7073736488819,387.3123836517334,488.09521213173866
954,548.148193359375,91.18721008300781,375.3073024749756,106.67239665985107,606.5124320983887,470.52542209625244,393.4489631652832,490.41856303811073
955,542.9867362976074,89.77277398109436,370.26323318481445,108.2509195804596,612.3871421813965,468.1271892786026,399.7096824645996,492.5461636483669
956,537.7885437011719,88.42473864555359,365.24033546447754,109.90781664848328,618.1911277770996,465.6218558549881,406.0450744628906,494.569910466671
957,532.5539016723633,87.12295532226562,360.2292251586914,111.62744522094727,623.9326858520508,463.02889466285706,412.45296478271484,496.51208862662315
958,527.2508239746094,85.97853183746338,355.25885581970215,113.51653575897217,629.5802879333496,460.2251520752907,418.96885871887207,498.24477687478065
959,521.8897247314453,84.99603867530823,350.34024238586426,115.57183742523193,635.119686126709,457.2170493006706,425.57836532592773,499.76038321852684
960,516.4830207824707,84.17969226837158,345.48574447631836,117.78897285461426,640.536060333252,454.0134134888649,432.2650623321533,501.0526031255722
961,511.0649299621582,83.38565111160278,340.6534767150879,120.03716826438904,645.8720970153809,450.7682490348816,438.9862632751465,502.28423193097115
962,505.61405181884766,82.694993019104,335.8660697937012,122.39180445671082,651.1031341552734,447.3954650759697,445.76502799987793,503.361948877573
963,500.12866973876953,82.17463374137878,331.1550235748291,124.90463733673096,656.1942672729492,443.8384374976158,452.6008987426758,504.2079631984234
964,494.62011337280273,81.82640790939331,326.5305519104004,127.56984114646912,661.1337661743164,440.10708779096603,459.4783115386963,504.8187384009361
965,489.10022735595703,81.65163516998291,322.00321197509766,130.3804636001587,665.9097290039062,436.2127375602722,466.3802433013916,505.19169956445694
966,483.5790824890137,81.43289566040039,317.47684478759766,133.16964983940125,670.6245231628418,432.34787821769714,473.2921028137207,505.57701230049133
967,478.0466651916504,81.38641834259033,313.04789543151855,136.10370755195618,675.1745796203613,428.3249267935753,480.22361755371094,505.72529554367065
968,472.51516342163086,81.51394128799438,308.72740745544434,139.17587757110596,679.548397064209,424.1551485657692,487.1576499938965,505.63414335250854
969,466.9973373413086,81.81485295295715,304.5253658294678,142.3773729801178,683.7360763549805,419.8519814014435,494.0765190124512,505.3040988743305
970,461.4935302734375,82.20768928527832,300.4034900665283,145.64864873886108,687.7783584594727,415.4848113656044,500.976505279541,504.8289978504181
971,455.9919548034668,82.6296865940094,296.3232421875,148.95249724388123,691.7162132263184,411.09691321849823,507.86876678466797,504.28198009729385
972,450.51438331604004,83.22275519371033,292.369909286499,152.37672328948975,695.460319519043,406.5927976369858,514.7257804870605,503.49940940737724
973,445.07274627685547,83.98451328277588,288.5518169403076,155.91160655021667,699.0034675598145,401.98674738407135,521.5310096740723,502.4846412241459
974,439.6786308288574,84.91180658340454,284.87671852111816,159.54665422439575,702.3392486572266,397.29342341423035,528.2679748535156,501.24226212501526
975,434.2910671234131,85.82574248313904,281.2284851074219,163.18289279937744,705.589771270752,392.6230162382126,534.9810218811035,499.97937619686127
976,428.93686294555664,86.85860753059387,277.6912593841553,166.89547777175903,708.6677742004395,387.8947699069977,541.6374778747559,498.5443890094757
977,423.63956451416016,88.05156826972961,274.3030071258545,170.69741249084473,711.5361785888672,383.0972582101822,548.2077026367188,496.89075887203217
978,418.4096431732178,89.40015077590942,271.0697937011719,174.5778501033783,714.1914939880371,378.2451260089874,554.6771621704102,495.0254501402378
979,413.22927474975586,90.83190321922302,267.94386863708496,178.4984564781189,716.6849327087402,373.3817768096924,561.0637092590332,493.03345933556557
980,408.05871963500977,92.2662627696991,264.8576545715332,182.43061780929565,719.0859603881836,368.53835105895996,567.410888671875,491.0083043575287
981,402.9624080657959,93.84942054748535,261.92965507507324,186.43078923225403,721.2759590148926,363.6564302444458,573.6433410644531,488.7832188606262
982,397.95023918151855,95.57574391365051,259.1648197174072,190.48744797706604,723.2533264160156,358.75062704086304,579.7478485107422,486.3671547174454
983,393.03133964538574,97.43873119354248,256.5667247772217,194.58897471427917,725.0176620483398,353.83536100387573,585.7119369506836,483.7699046730995
984,388.10139656066895,99.24729108810425,253.96739959716797,198.67926836013794,726.7385101318359,348.96948516368866,591.6524505615234,481.21098071336746
985,383.2499313354492,101.17262363433838,251.51561737060547,202.8106963634491,728.268871307373,344.09929633140564,597.4667930603027,478.4961412847042
986,378.4958839416504,103.22705626487732,249.23123359680176,206.97740077972412,729.5922088623047,339.2328894138336,603.1316757202148,475.61400443315506
987,373.8476085662842,105.40341138839722,247.11685180664062,211.16769790649414,730.7098960876465,334.38363790512085,608.6367988586426,472.57534861564636
988,369.226598739624,107.57954120635986,245.05671501159668,215.35677194595337,731.7383193969727,329.57737147808075,614.0693664550781,469.5207604765892
989,364.6509647369385,109.79616165161133,243.08446884155273,219.55826997756958,732.6448631286621,324.8001855611801,619.4078636169434,466.40483289957047
990,360.1830768585205,112.12726950645447,241.28108024597168,223.77512097358704,733.3539962768555,320.05027770996094,624.5816802978516,463.14635932445526
991,355.8300590515137,114.56517219543457,239.64780807495117,227.9960596561432,733.868522644043,315.340039730072,629.5822906494141,459.7568866610527
992,351.5382957458496,117.03519701957703,238.10986518859863,232.21155881881714,734.263973236084,310.6790953874588,634.4689178466797,456.3227391242981
993,347.25757598876953,119.49311971664429,236.61063194274902,236.43014788627625,734.5944786071777,306.0585129261017,639.2967796325684,452.89436906576157
994,343.09155464172363,122.05133557319641,235.2792263031006,240.6467092037201,734.7395896911621,301.4841663837433,643.9503479003906,449.34780210256577
995,339.047327041626,124.70128297805786,234.11597728729248,244.84930157661438,734.703483581543,296.9681739807129,648.4220123291016,445.69549441337585
996,335.0880718231201,127.39648461341858,233.07196140289307,249.035382270813,734.5356559753418,292.5126922130585,652.7524566650391,441.99147909879684
997,331.1110782623291,130.04910349845886,232.03206539154053,253.2276749610901,734.344596862793,288.0948042869568,657.0542335510254,438.3344480395317
998,327.25390434265137,132.7882719039917,231.15740776062012,257.40203976631165,733.9814758300781,283.7384247779846,661.1763381958008,434.5824185013771
999,323.52161407470703,135.60607194900513,230.4471731185913,261.54837012290955,733.450984954834,279.45312917232513,665.1138496398926,430.7466799020767
1000,319.8840522766113,138.4660041332245,229.86140727996826,265.66660165786743,732.7942657470703,275.23891746997833,668.9004707336426,426.8707725405693
1001,316.21155738830566,141.27241015434265,229.26295280456543,269.79931712150574,732.1377754211426,271.0533356666565,672.6768493652344,423.05988997220993
1002,312.66151428222656,144.1533923149109,228.82588863372803,273.9012622833252,731.3227844238281,266.94015741348267,676.2724113464355,419.1746163368225
1003,309.2387294769287,147.1004855632782,228.54887008666992,277.9621374607086,730.3547286987305,262.90847539901733,679.6831512451172,415.2264904975891
1004,305.901403427124,150.0745189189911,228.38244438171387,281.9909065961838,729.2820739746094,258.94901990890503,682.9554176330566,411.2609115242958
1005,302.5268268585205,153.00155997276306,228.20523262023926,286.04215800762177,728.2147407531738,255.00958442687988,686.220531463623,407.3589089512825
1006,299.2767906188965,155.9918475151062,228.18549156188965,290.0508427619934,727.002067565918,251.15100145339966,689.3056297302246,403.4011673927307
1007,296.15498542785645,159.0376889705658,228.32108974456787,294.0080291032791,725.6494331359863,247.38083481788635,692.208423614502,399.39840495586395
1008,293.08934211730957,162.08710312843323,228.53496551513672,297.9419767856598,724.229621887207,243.67172598838806,695.0071334838867,395.40914475917816
1009,290.0039577484131,165.1074206829071,228.75977039337158,301.8968778848648,722.801685333252,239.9816071987152,697.7815246582031,391.46785855293274
1010,287.04345703125,168.18235874176025,229.13798332214355,305.80076336860657,721.2401390075684,236.37739419937134,700.3794479370117,387.48612999916077
1011,284.2111015319824,171.3040316104889,229.66710090637207,309.64471757411957,719.5506477355957,232.86555647850037,702.7995872497559,383.4738403558731
1012,281.3848114013672,174.4026267528534,230.22605895996094,313.49293649196625,717.8437042236328,229.3863558769226,705.1717185974121,379.5079153776169
1013,278.5773181915283,177.4987757205963,230.83637237548828,317.346755862236,716.0984802246094,225.93847274780273,707.4813079833984,375.565824508667
1014,275.89513778686523,180.64133763313293,231.59648895263672,321.1414325237274,714.2302322387695,222.57939219474792,709.6187782287598,371.595795750618
1015,273.3410167694092,183.8234567642212,232.50360488891602,324.86938655376434,712.2445106506348,219.31545495986938,711.5833854675293,367.607758641243
1016,270.7236671447754,186.95732831954956,233.3794069290161,328.6509954929352,710.3004455566406,216.03651881217957,713.5748291015625,363.6960518360138
1017,268.1838798522949,190.11888027191162,234.3633270263672,332.404328584671,708.2734107971191,212.81658053398132,715.4462242126465,359.77914690971375
1018,265.7695484161377,193.3209228515625,235.4941177368164,336.0924679040909,706.1322784423828,209.6873116493225,717.1501922607422,355.844829082489
1019,263.4518337249756,196.5436291694641,236.7400360107422,339.72980082035065,703.9078903198242,206.63458228111267,718.7190055847168,351.91585421562195
1020,261.0506343841553,199.72352743148804,237.94305324554443,343.44809889793396,701.7394638061523,203.54052543640137,720.3378868103027,348.05995881557465
1021,258.77185821533203,202.94710278511047,239.29412841796875,347.10492074489594,699.4583702087402,200.5315375328064,721.7949485778809,344.18500900268555
1022,256.6189956665039,206.20659828186035,240.7903003692627,350.6914794445038,697.0701599121094,197.6138949394226,723.0893325805664,340.3007733821869
1023,254.4752025604248,209.456148147583,242.32337951660156,354.2936646938324,694.6726226806641,194.71025347709656,724.3429183959961,336.4569640159607
1024,252.33120918273926,212.70589113235474,243.89473915100098,357.9272800683975,692.263011932373,191.80719137191772,725.5639457702637,332.6428145170212
1025,250.3113842010498,215.99499821662903,245.61341285705566,361.4937222003937,689.7466850280762,188.99022817611694,726.6266441345215,328.81706178188324
1026,248.4188461303711,219.31596994400024,247.476167678833,364.9846225976944,687.1292495727539,186.2651252746582,727.5307846069336,324.988911151886
1027,246.44393920898438,222.6084566116333,249.2988395690918,368.57583224773407,684.5742988586426,183.47741961479187,728.4913444519043,321.22350811958313
1028,244.56095695495605,225.93509316444397,251.24427795410156,372.12893307209015,681.9367218017578,180.74819684028625,729.3290519714355,317.4538081884384
1029,242.80468940734863,229.29797172546387,253.33740234375,375.6096947193146,679.196891784668,178.1058132648468,730.0116348266602,313.6785560846329
1030,241.118803024292,232.6751732826233,255.52268028259277,379.06303346157074,676.40625,175.50935983657837,730.5993461608887,309.9219399690628
1031,239.38148975372314,236.04883432388306,257.70263671875,382.6063656806946,673.6505126953125,172.85744905471802,731.2150382995605,306.2036579847336
1032,237.77116298675537,239.46256756782532,260.0338840484619,386.0794025659561,670.7913208007812,170.28800010681152,731.6779518127441,302.47705578804016
1033,236.29138469696045,242.90874481201172,262.512903213501,389.4733250141144,667.8343391418457,167.80725717544556,731.9879722595215,298.75146746635437
1034,234.8024082183838,246.35878443717957,265.01721382141113,392.92153000831604,664.8894309997559,165.29844760894775,732.2891807556152,295.05779206752777
1035,233.35228443145752,249.83457326889038,267.5983142852783,396.3864880800247,661.9099617004395,162.7947235107422,732.5310516357422,291.3733381032944
1036,232.0343828201294,253.34666848182678,270.33159255981445,399.77352261543274,658.8307571411133,160.37606835365295,732.6215744018555,287.6871782541275
1037,230.85190773010254,256.8874740600586,273.213415145874,403.07410418987274,655.65673828125,158.04772853851318,732.5607490539551,284.0075361728668
1038,229.5966911315918,260.43655157089233,276.07008934020996,406.5080425143242,652.5427436828613,155.62086582183838,732.5606918334961,280.3580367565155
1039,228.46105098724365,264.02373790740967,279.07050132751465,409.8804321885109,649.3386268615723,153.2624638080597,732.4258804321289,276.7065739631653
1040,227.46414184570312,267.6426923274994,282.22360610961914,413.16582173109055,646.0380363464355,150.99212408065796,732.1405220031738,273.05997133255005
1041,226.56715393066406,271.2849497795105,285.49195289611816,416.40314877033234,642.6756477355957,148.77453804016113,731.7471885681152,269.42724108695984
1042,225.6383228302002,274.9547588825226,288.7731742858887,419.74739134311676,639.342155456543,146.47832036018372,731.3786888122559,265.80670952796936
1043,224.8524284362793,278.65889489650726,292.2113800048828,423.00298422574997,635.9102439880371,144.26868438720703,730.8598709106445,262.1897828578949
1044,224.2128038406372,282.38887667655945,295.8020210266113,426.16070598363876,632.3853492736816,142.15106964111328,730.1913070678711,258.58492612838745
1045,223.64394664764404,286.14303052425385,299.4796371459961,429.3085303902626,628.8263511657715,140.04935503005981,729.4522476196289,254.99516487121582
1046,223.0982494354248,289.9348908662796,303.2143020629883,432.512471973896,625.2593421936035,137.907954454422,728.6895561218262,251.40823602676392
1047,222.7042579650879,293.75382006168365,307.1048355102539,435.61505019664764,621.5976905822754,135.8581244945526,727.7769470214844,247.83308744430542
1048,222.46493339538574,297.5901621580124,311.14474296569824,438.60662519931793,617.8479766845703,133.90575528144836,726.7156791687012,244.2793107032776
1049,222.28946685791016,301.4547801017761,315.2614116668701,441.6039374470711,614.0746307373047,131.95116519927979,725.5991363525391,240.7375717163086
1050,222.17346668243408,305.35869777202606,319.45876121520996,444.62138235569,610.2742767333984,129.981769323349,724.4317245483398,237.19721674919128
1051,222.21815586090088,309.2789500951767,323.80648612976074,447.52223163843155,606.3853454589844,128.11073541641235,723.1155395507812,233.6796498298645
1052,222.42598056793213,313.20625126361847,328.29834938049316,450.29763400554657,602.4139595031738,126.34302020072937,721.6524696350098,230.1932394504547
1053,222.71166801452637,317.1607983112335,332.86914825439453,453.06651055812836,598.4175682067871,124.5775580406189,720.1301193237305,226.71944618225098
1054,223.07331562042236,321.15363121032715,337.5246047973633,455.8402955532074,594.3904495239258,122.80421018600464,718.5498046875,223.24777722358704
1055,223.60422134399414,325.1494413614273,342.3218250274658,458.4810456633568,590.2824211120605,121.13643407821655,716.8234062194824,219.81080532073975
1056,224.30607318878174,329.13817048072815,347.2529697418213,460.9801349043846,586.1001777648926,119.57863926887512,714.95361328125,216.4168345928192
1057,225.11592864990234,333.1423169374466,352.27234840393066,463.43196630477905,581.8831443786621,118.05090665817261,713.0046844482422,213.04487943649292
1058,226.0000991821289,337.1873080730438,357.3647975921631,465.8980965614319,577.6440238952637,116.50144815444946,711.009693145752,209.6714437007904
1059,227.06045150756836,341.21810495853424,362.58487701416016,468.213706612587,573.3341789245605,115.06493210792542,708.8733100891113,206.3460624217987
1060,228.29730033874512,345.22530913352966,367.9244041442871,470.3718441724777,568.959846496582,113.7450921535492,706.5986824035645,203.076331615448
1061,229.68339443206787,349.2170476913452,373.3596897125244,472.41292744874954,564.5405387878418,112.50645875930786,704.2156219482422,199.85356092453003
1062,231.1263942718506,353.2623928785324,378.84615898132324,474.50456365942955,560.1145935058594,111.21008276939392,701.8131637573242,196.6148579120636
1063,232.74986743927002,357.27503657341003,384.4427490234375,476.4298841357231,555.6288528442383,110.03331184387207,699.2757797241211,193.43743801116943
1064,234.55275535583496,361.2445020675659,390.139102935791,478.18258434534073,551.0908126831055,108.979332447052,696.6078758239746,190.32880067825317
1065,236.53286933898926,365.15917003154755,395.92260360717773,479.75636780261993,546.5092849731445,108.05129885673523,693.8146591186523,187.29737877845764
1066,238.57521057128906,369.12617325782776,401.74670219421387,481.377489566803,541.9244384765625,107.06281900405884,691.0059928894043,184.24735307693481
1067,240.78094482421875,373.0548906326294,407.6506805419922,482.8520379960537,537.2996520996094,106.17183208465576,688.0880928039551,181.25787019729614
1068,243.16472053527832,376.918768286705,413.6294746398926,484.1411881148815,532.6368141174316,105.40881872177124,685.0498008728027,178.35062384605408
1069,245.7231616973877,380.7071042060852,419.67089653015137,485.24069532752037,527.9443359375,104.77551698684692,681.8970680236816,175.53253412246704
1070,248.39996337890625,384.4798940420151,425.75291633605957,486.26764208078384,523.2396125793457,104.1754961013794,678.684024810791,172.7496886253357
1071,251.1888885498047,388.2521367073059,431.8762493133545,487.24297776818275,518.5206413269043,103.59076380729675,675.4169654846191,169.98773217201233
1072,254.1496181488037,391.93697690963745,438.04564476013184,488.024128228426,513.7796401977539,103.13706278800964,672.0426177978516,167.32033967971802
1073,257.2774028778076,395.524919629097,444.2490005493164,488.6089852452278,509.0243339538574,102.81526207923889,668.5669326782227,164.7532081604004
1074,260.56629180908203,399.0058583021164,450.4728126525879,488.9958067238331,504.26353454589844,102.62597322463989,664.9971199035645,162.29242086410522
1075,263.9220142364502,402.5404840707779,456.7123317718506,489.4312056899071,499.50164794921875,102.36754775047302,661.4199256896973,159.79915738105774
1076,267.4350070953369,405.9732073545456,462.9679584503174,489.67871591448784,494.7336959838867,102.23278284072876,657.7530670166016,157.40480303764343
1077,271.1018657684326,409.28771764039993,469.2256164550781,489.7280578315258,489.9686622619629,102.22988605499268,654.0007781982422,155.12059092521667
1078,274.91506576538086,412.4751555919647,475.47205924987793,489.57973033189774,485.21501541137695,102.35824584960938,650.1704978942871,152.9513168334961
1079,278.838415145874,415.60160011053085,481.70557022094727,489.3315924704075,480.47264099121094,102.53800749778748,646.2955284118652,150.83914160728455
1080,282.85597801208496,418.7132629752159,487.93338775634766,489.04205068945885,475.73415756225586,102.72134184837341,642.3898887634277,148.74412178993225
1081,287.0100975036621,421.688591837883,494.1324234008789,488.5581023991108,471.0146427154541,103.03380846977234,638.4151840209961,146.76597118377686
1082,291.29236221313477,424.52033668756485,500.29048919677734,487.8822501003742,466.32190704345703,103.47399115562439,634.3788528442383,144.90832686424255
1083,295.6926727294922,427.20128774642944,506.3941955566406,487.01797395944595,461.6645908355713,104.03960466384888,630.289421081543,143.17440748214722
1084,300.16385078430176,429.8833492398262,512.471866607666,486.14929631352425,457.01866149902344,104.58017706871033,626.1892890930176,141.43704414367676
1085,304.7346782684326,432.4669763445854,518.5020446777344,485.1578874886036,452.39891052246094,105.19371628761292,622.0512771606445,139.77750778198242
1086,309.4111919403076,434.8937585949898,524.4626998901367,483.9853410422802,447.821044921875,105.9288239479065,617.8688049316406,138.24127793312073
1087,314.18314933776855,437.1586909890175,530.3423881530762,482.636871188879,443.2924175262451,106.78269982337952,613.6497116088867,136.8304467201233
1088,319.037389755249,439.26987648010254,536.1334419250488,481.13198697566986,438.817663192749,107.74069905281067,609.4045257568359,135.53619503974915
1089,323.94164085388184,441.4277324080467,541.8967437744141,479.6798926591873,434.3459415435791,108.63049507141113,605.1623153686523,134.19469356536865
1090,328.9265441894531,443.4200048446655,547.5652885437012,478.06177631020546,429.929780960083,109.63407039642334,600.8924674987793,132.9769492149353
1091,333.9810848236084,445.2433302998543,553.128776550293,476.28447353839874,425.5763053894043,110.74782013893127,596.6031074523926,131.88405632972717
1092,339.0951919555664,446.89512580633163,558.5786247253418,474.3544417619705,421.2912368774414,111.96788191795349,592.3010444641113,130.91620802879333
1093,344.25415992736816,448.4563484787941,563.9378356933594,472.3556515574455,417.0544624328613,113.22598814964294,587.9983520507812,130.00690698623657
1094,349.455041885376,450.0053483247757,569.2374229431152,470.35900980234146,412.8392028808594,114.46362376213074,583.6971473693848,129.09287452697754
1095,354.7005844116211,451.3832527399063,574.4141578674316,468.2215279340744,408.69664192199707,115.8020031452179,579.3906784057617,128.30044269561768
1096,359.98000144958496,452.58907198905945,579.4603729248047,465.9510272741318,404.6324157714844,117.23658800125122,575.0863265991211,127.62906432151794
1097,365.2825355529785,453.62254053354263,584.3690872192383,463.5557234287262,400.65184593200684,118.76274347305298,570.790958404541,127.07799911499023
1098,370.60523986816406,454.642353951931,589.2036437988281,461.1741068959236,396.7010021209717,120.26463031768799,566.5078926086426,126.51988506317139
1099,375.9509468078613,455.5913007259369,593.9442443847656,458.75405967235565,392.795934677124,121.78769588470459,562.2320938110352,126.00074887275696
1100,381.3064384460449,456.3715499639511,598.5430526733398,456.2208527326584,388.97655487060547,123.39669942855835,557.9707145690918,125.59706568717957
1101,386.66184425354004,456.9843891263008,602.9950332641602,453.5829511284828,385.24712562561035,125.08684515953064,553.7299346923828,125.30741930007935
1102,392.0072078704834,457.4314758181572,607.2955513000488,450.8487233519554,381.61179542541504,126.85317635536194,549.5159339904785,125.12987852096558
1103,397.36607551574707,457.959141433239,611.5604782104492,448.20561558008194,377.9710292816162,128.53604793548584,545.3120040893555,124.86981153488159
1104,402.716646194458,458.3514788746834,615.6905364990234,445.48837423324585,374.40982818603516,130.2781105041504,541.1303329467773,124.6977424621582
1105,408.0479049682617,458.5841390490532,619.6702766418457,442.68444657325745,370.94181060791016,132.092045545578,536.9775009155273,124.63266134262085
1106,413.34940910339355,458.6598336696625,623.4956359863281,439.8030298948288,367.571439743042,133.97244572639465,532.8602027893066,124.6725082397461
1107,418.62324714660645,458.64289551973343,627.1952247619629,436.8938362598419,364.27393913269043,135.87772607803345,528.775749206543,124.76633191108704
1108,423.90143394470215,458.69804710149765,630.856819152832,434.0658250451088,360.9730052947998,137.7133548259735,524.699821472168,124.78493571281433
1109,429.1432857513428,458.6029118299484,634.3679237365723,431.1677277088165,357.76742935180664,139.61226224899292,520.6595993041992,124.90344643592834
1110,434.3397903442383,458.3611670136452,637.7260208129883,428.20801734924316,354.6602439880371,141.56945943832397,516.6605758666992,125.11961102485657
1111,439.484338760376,457.9761680960655,640.9304237365723,425.19359797239304,351.65353775024414,143.5800540447235,512.7068710327148,125.43050050735474
1112,444.6090602874756,457.62329936027527,644.0723991394043,422.23755687475204,348.6667728424072,145.54607033729553,508.77330780029297,125.69903254508972
1113,449.71238136291504,457.2598332166672,647.1356964111328,419.30679827928543,345.7148838043213,147.49625086784363,504.8598289489746,125.95906734466553
1114,454.75948333740234,456.7599043250084,650.0509643554688,416.3264563679695,342.86035537719727,149.49828386306763,500.9904098510742,126.30993247032166
1115,459.7433280944824,456.1274394392967,652.8174018859863,413.3037891983986,340.1055908203125,151.54718041419983,497.16962814331055,126.7489242553711
1116,464.6573066711426,455.367274582386,655.4349517822266,410.24630427360535,337.4520778656006,153.63853096961975,493.40137481689453,127.27340340614319
1117,469.5845031738281,454.78819102048874,658.0777931213379,407.3279857635498,334.74300384521484,155.61581254005432,489.62242126464844,127.64020085334778
1118,474.44995880126953,454.0875792503357,660.5825614929199,404.37191247940063,332.1264839172363,157.6379942893982,485.8872985839844,128.08823704719543
1119,479.24540519714355,453.26442539691925,662.9457664489746,401.38230085372925,329.6073818206787,159.70279097557068,482.2016143798828,128.6189603805542
1120,483.9646911621094,452.32313096523285,665.1675796508789,398.36576521396637,327.18727111816406,161.8054711818695,478.5692024230957,129.22950625419617
1121,488.6473846435547,451.4150610566139,667.3335456848145,395.40442943573,324.78933334350586,163.87255311012268,474.95930671691895,129.80120301246643
1122,493.31085205078125,450.5642428994179,669.4645500183105,392.5030732154846,322.39397048950195,165.89895129203796,471.35730743408203,130.31554341316223
1123,497.90021896362305,449.59938794374466,671.4620018005371,389.5740205049515,320.09345054626465,167.9648745059967,467.8045177459717,130.90806484222412
1124,502.4109077453613,448.5246804356575,673.326587677002,386.62287175655365,317.8886604309082,170.06636381149292,464.30371284484863,131.57622456550598
1125,506.8373107910156,447.3449966311455,675.0589942932129,383.6561447381973,315.7808589935303,172.19884872436523,460.8585548400879,132.3173189163208
1126,511.28597259521484,446.3835373520851,676.8522834777832,380.8267253637314,313.59143257141113,174.22160983085632,457.38624572753906,132.87572264671326
1127,515.6607627868652,445.3165626525879,678.5216331481934,377.97311782836914,311.49227142333984,176.2823510169983,453.9601707458496,133.50796222686768
1128,519.9563026428223,444.146446287632,680.0665855407715,375.1000052690506,309.4852924346924,178.37753176689148,450.5838203430176,134.21281456947327
1129,524.1672706604004,442.8778874874115,681.4877128601074,372.21376061439514,307.57226943969727,180.50271034240723,447.26128578186035,134.98780131340027
1130,528.354663848877,441.70376390218735,682.9004859924316,369.4020277261734,305.6465148925781,182.57713079452515,443.9443302154541,135.68026185035706
1131,532.5113868713379,440.56397527456284,684.2766952514648,366.62899911403656,303.7338352203369,184.63240027427673,440.63801765441895,136.3377034664154
1132,536.5898323059082,439.32632356882095,685.5364036560059,363.8375598192215,301.91027641296387,186.7221736907959,437.3788833618164,137.06585884094238
1133,540.5854225158691,437.9949125647545,686.6802978515625,361.0331976413727,300.1771545410156,188.84220242500305,434.17027473449707,137.86250710487366
1134,544.5181274414062,436.6432160139084,687.7519798278809,358.2494670152664,298.49544525146484,190.9619414806366,430.9964847564697,138.66997003555298
1135,548.4574699401855,435.4496195912361,688.8661193847656,355.55405616760254,296.75703048706055,193.0173397064209,427.802209854126,139.34569358825684
1136,552.3205947875977,434.16185349226,689.8709678649902,352.8399932384491,295.1048469543457,195.10791778564453,424.65216636657715,140.09119749069214
1137,556.1037826538086,432.7837800979614,690.7672691345215,350.11205792427063,293.5401248931885,197.22984552383423,421.54932975769043,140.90438961982727
1138,559.8028564453125,431.31957560777664,691.5558242797852,347.37551271915436,292.0639228820801,199.37909960746765,418.49696159362793,141.78298473358154
1139,563.5148048400879,430.0421091914177,692.4098968505859,344.73337054252625,290.51382064819336,201.4586055278778,415.4179573059082,142.50850081443787
1140,567.1673011779785,428.7124443054199,693.1855773925781,342.0865613222122,289.0242862701416,203.56048107147217,412.3689937591553,143.27206134796143
1141,570.7424354553223,427.29507118463516,693.8588333129883,339.42497849464417,287.6198959350586,205.6948971748352,409.3644332885742,144.1031813621521
1142,574.2366027832031,425.79357862472534,694.4304084777832,336.7531442642212,286.30173683166504,207.85818457603455,406.40719413757324,144.9998652935028
1143,577.7059364318848,424.37416166067123,695.0069618225098,334.1316658258438,284.9707317352295,209.99324440956116,403.45261573791504,145.82895755767822
1144,581.1516952514648,423.0037808418274,695.5740737915039,331.5400403738022,283.6390686035156,212.11832642555237,400.49909591674805,146.6163682937622
1145,584.5235824584961,421.5470677614212,696.0440254211426,328.93182277679443,282.390661239624,214.2778480052948,397.5867748260498,147.47198224067688
1146,587.8180503845215,420.00744223594666,696.4173316955566,326.31127774715424,281.2265110015869,216.46804332733154,394.718542098999,148.39380383491516
1147,591.053295135498,418.44923704862595,696.7350769042969,323.7029957771301,280.1100540161133,218.66631746292114,391.88026428222656,149.3311071395874
1148,594.2975807189941,417.0334008336067,697.1098709106445,321.15227937698364,278.93425941467285,220.82828521728516,389.01686668395996,150.15244245529175
1149,597.4705696105957,415.5323266983032,697.3915672302246,318.5836189985275,277.840576171875,223.02614092826843,386.19229316711426,151.04294657707214
1150,600.5692863464355,413.94921720027924,697.580738067627,316.0010862350464,276.8302059173584,225.2565050125122,383.4092903137207,152.00088143348694
1151,603.5900115966797,412.2876128554344,697.6780128479004,313.4092354774475,275.90426445007324,227.51522541046143,380.6712341308594,153.02425146102905
1152,606.6238403320312,410.7809141278267,697.8470993041992,310.8742904663086,274.90922927856445,229.73812222480774,377.9051971435547,153.92273783683777
1153,609.6028518676758,409.22688513994217,697.9521560668945,308.33121836185455,273.97167205810547,231.98773384094238,375.16493797302246,154.86116766929626
1154,612.509765625,407.5912472605705,697.9677200317383,305.7729381322861,273.1171417236328,234.2711091041565,372.46450424194336,155.8683478832245
1155,615.3411483764648,405.87759733200073,697.8944778442383,303.2040846347809,272.34686851501465,236.58432126045227,369.80727195739746,156.9425404071808
1156,618.1466102600098,404.2147135734558,697.8250694274902,300.65916180610657,271.574649810791,238.8935422897339,367.153902053833,157.97836661338806
1157,620.9350204467773,402.59829103946686,697.7619552612305,298.1295597553253,270.7967948913574,241.2066900730133,364.4964408874512,158.97875547409058
1158,623.653621673584,400.9002757072449,697.6116371154785,295.5834138393402,270.1022243499756,243.55514645576477,361.8772029876709,160.04969716072083
1159,626.2987518310547,399.12417590618134,697.3746299743652,293.02542328834534,269.4923400878906,245.93475937843323,359.2998790740967,161.18948578834534
1160,628.8788223266602,397.2993618249893,697.071361541748,290.46517968177795,268.94946098327637,248.33587288856506,356.7584037780762,162.37449645996094
1161,631.4798355102539,395.61119556427,696.8467140197754,287.9384422302246,268.33605766296387,250.7227599620819,354.1833686828613,163.45078110694885
1162,634.0122413635254,393.841677904129,696.5364074707031,285.39480686187744,267.8071117401123,253.1456959247589,351.64621353149414,164.5995819568634
1163,636.4731788635254,391.9935929775238,696.1407852172852,282.83792674541473,267.36376762390137,255.60110807418823,349.14974212646484,165.81925749778748
1164,638.8595008850098,390.07028818130493,695.6603622436523,280.2719861268997,267.0072841644287,258.0850052833557,346.69724464416504,167.10816621780396
1165,641.2459945678711,388.2346111536026,695.225715637207,277.726628780365,266.6146659851074,260.5671966075897,344.22938346862793,168.3304488658905
1166,643.5955238342285,386.3852548599243,694.7605133056641,275.1763790845871,266.2568664550781,263.07323813438416,341.7746829986572,169.57040190696716
1167,645.8744430541992,384.4570577144623,694.2107391357422,272.61232137680054,265.98647117614746,265.6123673915863,339.3606662750244,170.88348269462585
1168,648.0794906616211,382.4534636735916,693.5767364501953,270.0389939546585,265.8047389984131,268.1805610656738,336.99082374572754,172.26811408996582
1169,650.2421951293945,380.44354498386383,692.9154396057129,267.46830582618713,265.65882682800293,270.7650411128998,334.64080810546875,173.66655349731445
1170,652.4117660522461,378.50892663002014,692.3008346557617,264.9046504497528,265.47740936279297,273.36022317409515,332.27025032043457,175.00892400741577
1171,654.5114707946777,376.49492025375366,691.6016006469727,262.32680082321167,265.38562774658203,275.9896034002304,329.9405765533447,176.4274799823761
1172,656.5382194519043,374.4043743610382,690.8179092407227,259.738587141037,265.3850269317627,278.64877223968506,327.6552486419678,177.92025804519653
1173,658.4890937805176,372.24078118801117,689.9503326416016,257.1442902088165,265.4765796661377,281.33356153964996,325.4175853729248,179.48558449745178
1174,660.4726409912109,370.19869208335876,689.1753387451172,254.55958485603333,265.49182891845703,284.0255606174469,323.1408405303955,180.95695853233337
1175,662.3968505859375,368.0945312976837,688.3319091796875,251.96126461029053,265.5835819244385,286.7501324415207,320.8974266052246,182.49106407165527
1176,664.2485046386719,365.9127205610275,687.4031639099121,249.35200095176697,265.7694911956787,289.5056515932083,318.69893074035645,184.10302877426147
1177,666.0246276855469,363.6564463376999,686.3895034790039,246.73584938049316,266.0507583618164,292.2876441478729,316.54890060424805,185.79095363616943
1178,667.792797088623,361.4447343349457,685.4030799865723,244.120534658432,266.32086753845215,295.08550465106964,314.3943214416504,187.45203495025635
1179,669.5459175109863,359.24713611602783,684.4205474853516,241.4957892894745,266.6007900238037,297.9106914997101,312.23928451538086,189.11256909370422
1180,671.2263679504395,356.96957051754,683.3509254455566,238.8587486743927,266.978702545166,300.76771080493927,310.1302242279053,190.8547282218933
1181,672.8313446044922,354.6153688430786,682.1944427490234,236.2136936187744,267.4560356140137,303.6521691083908,308.0706596374512,192.67696738243103
1182,674.3888282775879,352.23683416843414,681.0009956359863,233.56522679328918,267.98609733581543,306.55761301517487,306.03979110717773,194.53412890434265
1183,675.9748649597168,349.94089007377625,679.8831939697266,230.90723276138306,268.4596538543701,309.4878727197647,303.9763069152832,196.33238911628723
1184,677.4877738952637,347.56224274635315,678.6754989624023,228.23562383651733,269.0360927581787,312.45138108730316,301.96017265319824,198.21723103523254
1185,678.9245796203613,345.1038533449173,677.3779678344727,225.5545198917389,269.7168445587158,315.44339060783386,299.9952220916748,200.18685221672058
1186,680.2822494506836,342.5693589448929,675.9907722473145,222.86858797073364,270.5032253265381,318.4593790769577,298.08531761169434,202.23973989486694
1187,681.6971969604492,340.1571249961853,674.7272872924805,220.17016768455505,271.18924140930176,321.4996039867401,296.12342834472656,204.19912576675415
1188,683.0449104309082,337.6696068048477,673.3817481994629,217.45681285858154,271.97290420532227,324.57383394241333,294.2057704925537,206.24097347259521
1189,684.3153762817383,335.0986611843109,671.942195892334,214.73235368728638,272.8670597076416,327.6783353090286,292.3413848876953,208.37374806404114
1190,685.5052185058594,332.44755506515503,670.4086875915527,212.00145721435547,273.87319564819336,330.80771684646606,290.5346488952637,210.59538960456848
1191,686.7190361022949,329.86571431159973,668.9476776123047,209.25775051116943,274.8306369781494,333.9616084098816,288.7053680419922,212.7720022201538
1192,687.901611328125,327.2584140300751,667.4600601196289,206.4954400062561,275.83431243896484,337.15053498744965,286.8943405151367,214.98884797096252
1193,689.0046501159668,324.56308364868164,665.8732223510742,203.72041583061218,276.9558334350586,340.3707307577133,285.1398754119873,217.30315446853638
1194,690.0245475769043,321.78361773490906,664.1873359680176,200.93798875808716,278.19668769836426,343.61641824245453,283.4468078613281,219.7127652168274
1195,691.0338592529297,319.0215164422989,662.5190162658691,198.14362049102783,279.44403648376465,346.8860685825348,281.76097869873047,222.125723361969
1196,692.046947479248,316.28023982048035,660.8801078796387,195.32652854919434,280.68546295166016,350.1905447244644,280.06948471069336,224.538391828537
1197,692.977352142334,313.44637870788574,659.1357421875,192.4957573413849,282.0533752441406,353.52691769599915,278.4392738342285,227.05582737922668
1198,693.8210678100586,310.52255630493164,657.2849464416504,189.65587735176086,283.5501766204834,356.8898445367813,276.87506675720215,229.67677474021912
1199,694.6151161193848,307.5639081001282,655.3907203674316,186.80733919143677,285.115327835083,360.2748030424118,275.3511142730713,232.35137701034546
1200,695.4494476318359,304.67108130455017,653.5843276977539,183.93160343170166,286.6190528869629,363.69278490543365,273.79786491394043,234.9847161769867
1201,696.196231842041,301.6802626848221,651.6645812988281,181.0415768623352,288.25984954833984,367.1425670385361,272.3121929168701,237.73115873336792
1202,696.8510055541992,298.59438121318817,649.6302795410156,178.14234495162964,290.0402069091797,370.6179213523865,270.89964866638184,240.5890953540802
1203,697.4098777770996,295.4172348976135,647.4810218811035,175.23931503295898,291.9620990753174,374.11270022392273,269.56552505493164,243.55643391609192
1204,698.049144744873,292.3511964082718,645.4822540283203,172.30358362197876,293.76145362854004,377.6384264230728,268.17646980285645,246.44002318382263
1205,698.5938835144043,289.18217718601227,643.3611488342285,169.35449481010437,295.70963859558105,381.19310438632965,266.86400413513184,249.4444727897644
1206,699.0395164489746,285.9129935503006,641.1159896850586,166.39748811721802,297.8099727630615,384.77082788944244,265.63419342041016,252.5689136981964
1207,699.3812370300293,282.54716992378235,638.7454605102539,163.4382927417755,300.0648593902588,388.3644998073578,264.4929599761963,255.81122159957886
1208,699.7511672973633,279.23012495040894,636.4473152160645,160.45457124710083,302.276086807251,391.9813460111618,263.3415699005127,259.0296792984009
1209,700.0663948059082,275.8598917722702,634.0897750854492,157.45250344276428,304.5757484436035,395.62490701675415,262.2414779663086,262.3240649700165
1210,700.2727890014648,272.3842638731003,631.596622467041,154.4450604915619,307.04197883605957,399.28634762763977,261.23642921447754,265.7467782497406
1211,700.3650283813477,268.8074576854706,628.9666557312012,151.43919467926025,309.6774959564209,402.9577499628067,260.3334617614746,269.29553389549255
1212,700.418643951416,265.2111303806305,626.3129425048828,148.42283606529236,312.3676872253418,406.6405785083771,259.4769287109375,272.8891736268997
1213,700.4657936096191,261.61638021469116,623.6743927001953,145.38153290748596,315.07238388061523,410.3460019826889,258.6413097381592,276.5057945251465
1214,700.3914642333984,257.91261434555054,620.8874130249023,142.3407769203186,317.9596138000488,414.06026870012283,257.91704177856445,280.25821030139923
1215,700.1898193359375,254.10414576530457,617.9502868652344,139.30790662765503,321.03240966796875,417.77465611696243,257.3119354248047,284.1438299417496
1216,699.8666381835938,250.2054262161255,614.8771476745605,136.28704190254211,324.2771530151367,421.4818659424782,256.82464599609375,288.14900636672974
1217,699.5941543579102,246.36435270309448,611.9025993347168,133.2303535938263,327.45057106018066,425.2088463306427,256.3209342956543,292.1192926168442
1218,699.1842269897461,242.41297602653503,608.7657165527344,130.18428683280945,330.8235454559326,428.9304596185684,255.94951629638672,296.2306362390518
1219,698.6303329467773,238.3557379245758,605.4642105102539,127.156662940979,334.3992805480957,432.6366153359413,255.71900367736816,300.4796254634857
1220,697.9261207580566,234.19862508773804,601.9966506958008,124.15636539459229,338.18029403686523,436.3166677951813,255.6382656097412,304.8619794845581
1221,697.1984481811523,230.04289627075195,598.5320663452148,121.14541411399841,341.9890022277832,439.9920290708542,255.6079387664795,309.2685377597809
1222,696.383056640625,225.83212852478027,594.9812507629395,118.13809990882874,345.9188175201416,443.65475714206696,255.67997932434082,313.75950515270233
1223,695.4036712646484,221.51862144470215,591.251106262207,115.16551494598389,350.06855964660645,447.27972239255905,255.9199047088623,318.38840782642365
1224,694.2527961730957,217.1089732646942,587.3398017883301,112.23750829696655,354.4404888153076,450.8550238609314,256.3373279571533,323.1500315666199
1225,692.9677391052246,212.6376235485077,583.3001518249512,109.34670925140381,358.97875785827637,454.38058108091354,256.90564155578613,328.0066055059433
1226,691.6621398925781,208.17161679267883,579.268684387207,106.44464492797852,363.53668212890625,457.8913003206253,257.53209114074707,332.88067281246185
1227,690.168514251709,203.61040234565735,575.042724609375,103.59938979148865,368.33075523376465,461.3345566391945,258.358154296875,337.8875255584717
1228,688.4793663024902,198.96283149719238,570.6217002868652,100.82275629043579,373.3618354797363,464.6960672736168,259.3944454193115,343.0191493034363
1229,686.5879440307617,194.23959016799927,566.0068130493164,98.12749028205872,378.6284065246582,467.9602378606796,260.65080642700195,348.265163898468
1230,684.6444511413574,189.51908469200134,561.3726997375488,95.44506669044495,383.94052505493164,471.1776253581047,262.00284004211426,353.5302811861038
1231,682.53662109375,184.74437713623047,556.5899276733398,92.82634019851685,389.4374084472656,474.3064235150814,263.5477924346924,358.8823664188385
1232,680.2072906494141,179.9025285243988,551.6023635864258,90.30890464782715,395.1796531677246,477.31167778372765,265.3388214111328,364.3402969837189
1233,677.6501655578613,175.0066065788269,546.4129257202148,87.90682554244995,401.1631965637207,480.17599135637283,267.38551139831543,369.890393614769
1234,674.9236679077148,170.08889436721802,541.0909080505371,85.59531927108765,407.31096267700195,482.9155822098255,269.6408271789551,375.4919242858887
1235,672.0988082885742,165.17057061195374,535.7094383239746,83.33112716674805,413.5406684875488,485.56437090039253,272.04503059387207,381.11281514167786
1236,669.0266990661621,160.21445989608765,530.119800567627,81.20833039283752,420.0146198272705,488.03939267992973,274.73155975341797,386.80747747421265
1237,665.7024192810059,155.23688077926636,524.3280029296875,79.24257159233093,426.7250919342041,490.32186672091484,277.70888328552246,392.55833745002747
1238,662.1225929260254,150.25560021400452,518.3416557312012,77.44965434074402,433.6619567871094,492.3934265971184,280.9836673736572,398.34629237651825
1239,658.4672927856445,145.30341625213623,512.3346519470215,75.70791363716125,440.628604888916,494.35664266347885,284.39781188964844,404.10989820957184
1240,654.561824798584,140.35737991333008,506.1441993713379,74.14081692695618,447.80482292175293,496.1013324558735,288.1098175048828,409.8947149515152
1241,650.3861618041992,135.43590188026428,499.76423263549805,72.77845859527588,455.1955318450928,497.5964520871639,292.1407985687256,415.6826215982437
1242,645.9401893615723,130.55971026420593,493.20716857910156,71.63677096366882,462.78496742248535,498.82377192378044,296.4939022064209,421.44998520612717
1243,641.3350868225098,125.73900818824768,486.5746307373047,70.63464403152466,470.4546546936035,499.8524849116802,301.0701370239258,427.16588258743286
1244,636.5363502502441,120.97434282302856,479.8377513885498,69.79969382286072,478.2341766357422,500.6559929251671,305.9025478363037,432.8316253423691
1245,631.4605522155762,116.2916886806488,472.9401397705078,69.21863079071045,486.1861038208008,501.15376129746437,311.06898307800293,438.43158692121506
1246,626.1122131347656,111.71393036842346,465.8990478515625,68.90542387962341,494.2889213562012,501.3299944996834,316.56683921813965,443.93908470869064
1247,620.5565643310547,107.24753737449646,458.77452850341797,68.81478667259216,502.4700164794922,501.2238594889641,322.33677864074707,449.3327307701111
1248,614.8540306091309,102.87290811538696,451.6083526611328,68.88434171676636,510.6757164001465,500.89123606681824,328.3238410949707,454.61703926324844
1249,608.88427734375,98.6457896232605,444.3284511566162,69.25152540206909,518.9900207519531,500.2056473493576,334.6391487121582,459.75487500429153
1250,602.6604652404785,94.59106206893921,436.9598865509033,69.92637991905212,527.3823165893555,499.1570873558521,341.26996994018555,464.7165459394455
1251,596.2235641479492,90.71590304374695,429.54214096069336,70.88383197784424,535.8037948608398,497.76867404580116,348.17702293395996,469.4843253493309
1252,589.6753120422363,86.95967316627502,422.131290435791,71.99938416481018,544.1788673400879,496.1540096998215,355.26506423950195,474.0919889509678
1253,582.8913116455078,83.41796636581421,414.6716022491455,73.44327092170715,552.5786018371582,494.1585186123848,362.64824867248535,478.46904426813126
1254,575.8930206298828,80.11411786079407,407.1939182281494,75.21861433982849,560.9666633605957,491.7807684838772,370.303430557251,482.58671656250954
1255,568.7214088439941,77.0490288734436,399.73368644714355,77.29654312133789,569.2984771728516,489.04966682195663,378.18875312805176,486.43396586179733
1256,561.4607048034668,74.12881135940552,392.3166847229004,79.54171299934387,577.5282669067383,486.0900329053402,386.2243366241455,490.0761468708515
1257,554.0179824829102,71.48246884346008,384.92895126342773,82.12484121322632,585.6860160827637,482.74890437722206,394.49254989624023,493.41086626052856
1258,546.423225402832,69.12879824638367,377.60499000549316,85.03974795341492,593.7324714660645,479.03667747974396,402.95969009399414,496.4148572087288
1259,538.7232971191406,67.0375120639801,370.3698921203613,88.22991371154785,601.6316986083984,475.00891014933586,411.5768623352051,499.1044543683529
1260,530.9525871276855,65.12788653373718,363.21544647216797,91.60891771316528,609.3778610229492,470.7458433508873,420.3101348876953,501.54008388519287
1261,523.0716705322266,63.53484749794006,356.17258071899414,95.31030178070068,616.9547080993652,466.13258332014084,429.18883323669434,503.61161157488823
1262,515.1139640808105,62.26898431777954,349.2732524871826,99.31913137435913,624.3271636962891,461.18927478790283,438.1747341156006,505.30539840459824
1263,507.12106704711914,61.23637676239014,342.509765625,103.53575706481934,631.486930847168,456.01021617650986,447.2237491607666,506.69211588799953
1264,499.0855407714844,60.442657470703125,335.8799171447754,107.97044634819031,638.4357833862305,450.5895736813545,456.3391971588135,507.7664452046156
1265,491.02100372314453,59.985255002975464,329.4374084472656,112.68747568130493,645.1308631896973,444.8783192038536,465.4992198944092,508.44861410558224
1266,482.96138763427734,59.86555337905884,323.20881843566895,117.66441106796265,651.544361114502,438.90489757061005,474.6642208099365,508.7361663579941
1267,474.9018859863281,59.89571213722229,317.1126937866211,122.76800036430359,657.7316665649414,432.7884551882744,483.83628845214844,508.7773912400007
1268,466.8570041656494,60.24409890174866,311.2314033508301,128.1112504005432,663.6336135864258,426.4372766017914,492.9943084716797,508.4394047409296
1269,458.86204719543457,60.924586057662964,305.5968189239502,133.67941975593567,669.2209625244141,419.8737072944641,502.0968818664551,507.7121767401695
1270,450.9184169769287,61.83762073516846,300.17003059387207,139.40140843391418,674.5198631286621,413.16573321819305,511.1360549926758,506.67557805776596
1271,443.0094337463379,62.96456694602966,294.93252754211426,145.27628302574158,679.5471382141113,406.31577640771866,520.1247024536133,505.3451809287071
1272,435.19020080566406,64.41054582595825,289.9661922454834,151.33832216262817,684.2387008666992,399.3053537607193,529.0032005310059,503.64214450120926
1273,427.4802875518799,66.13806009292603,285.2695369720459,157.54761457443237,688.5942649841309,392.17737793922424,537.7458572387695,501.59994274377823
1274,419.8045349121094,67.9998242855072,280.7343006134033,163.85855197906494,692.7012634277344,384.9682277441025,546.4192199707031,499.33299869298935
1275,412.25300788879395,70.16214609146118,276.48731231689453,170.3181266784668,696.4620208740234,377.6494985818863,554.9348831176758,496.71836391091347
1276,404.8560333251953,72.60960817337036,272.5418758392334,176.89289689064026,699.8667526245117,370.25921881198883,563.257999420166,493.7748795747757
1277,397.50414848327637,75.16608595848083,268.76014709472656,183.5484230518341,703.0277252197266,362.82226860523224,571.4827537536621,490.6371335685253
1278,390.2984046936035,77.98810243606567,265.2678108215332,190.31129121780396,705.8485794067383,355.3263849020004,579.5161056518555,487.19243690371513
1279,383.27216148376465,81.07092618942261,262.08300590515137,197.15208292007446,708.3172988891602,347.805540561676,587.3221206665039,483.4530848264694
1280,376.3162422180176,84.26727175712585,259.08385276794434,204.06046628952026,710.5355072021484,340.26427388191223,594.9912643432617,479.53077659010887
1281,369.5170783996582,87.69201278686523,256.3667392730713,211.04191303253174,712.4295616149902,332.70548164844513,602.4482917785645,475.34543216228485
1282,362.9198455810547,91.35052442550659,253.95941734313965,218.06317448616028,713.9810371398926,325.1663553714752,609.6481132507324,470.90373426675797
1283,356.4031219482422,95.1117753982544,251.74355506896973,225.13960361480713,715.2910423278809,317.62840390205383,616.6898918151855,466.303348839283
1284,350.06449699401855,99.08011436462402,249.81402397155762,232.25616931915283,716.2858772277832,310.11179208755493,623.4918022155762,461.47438287734985
1285,343.9442253112793,103.25541257858276,248.1917953491211,239.3783676624298,716.953067779541,302.6526492834091,630.0160217285156,456.4277958869934
1286,337.8988265991211,107.51497507095337,246.75470352172852,246.55106663703918,717.39990234375,295.2051901817322,636.3777351379395,451.2524065375328
1287,332.0620822906494,111.97061777114868,245.6155300140381,253.72827172279358,717.535572052002,287.8175336122513,642.4686813354492,445.8761090040207
1288,326.438627243042,116.59211754798889,244.76374626159668,260.8865189552307,717.3747825622559,280.51336884498596,648.281364440918,440.3312748670578
1289,320.9109306335449,121.30422234535217,244.1133213043213,268.0828106403351,716.9966697692871,273.2363212108612,653.9094543457031,434.6705451607704
1290,315.61245918273926,126.19145393371582,243.76121520996094,275.2486217021942,716.3209533691406,266.0538375377655,659.2477226257324,428.8439181447029
1291,310.5014419555664,131.20118737220764,243.6661148071289,282.3894238471985,715.3906059265137,258.96031737327576,664.3264389038086,422.89742052555084
1292,305.5298709869385,136.31964683532715,243.8016414642334,289.5399785041809,714.2332649230957,251.9213855266571,669.1851997375488,416.8398794531822
1293,300.7987117767334,141.58642172813416,244.22730445861816,296.62879943847656,712.7986907958984,245.00537395477295,673.7458992004395,410.654718875885
1294,296.22058868408203,146.9394886493683,244.87984657287598,303.7020421028137,711.1537170410156,238.1669318675995,678.0745697021484,404.39172327518463
1295,291.8341255187988,152.41251468658447,245.78962326049805,310.74068427085876,709.2713356018066,231.4227318763733,682.1452903747559,398.0276942253113
1296,287.69476890563965,158.00685167312622,246.97803497314453,317.6899445056915,707.1344947814941,224.8241114616394,685.9160041809082,391.5731245279312
1297,283.6713695526123,163.66475701332092,248.36849212646484,324.647074341774,704.8289108276367,218.27528357505798,689.4873046875,385.0704038143158
1298,279.8936176300049,169.4443917274475,250.03618240356445,331.51334166526794,702.2763061523438,211.86981439590454,692.7644920349121,378.48232448101044
1299,276.3192844390869,175.30420303344727,251.94459915161133,338.3073663711548,699.5220565795898,205.58691143989563,695.7802963256836,371.8485403060913
1300,272.9184150695801,181.24724864959717,254.08430099487305,345.06130278110504,696.5800094604492,199.39290761947632,698.5607528686523,365.165011882782
1301,269.77137565612793,187.28524446487427,256.48850440979004,351.6952157020569,693.4128570556641,193.36363434791565,701.0473823547363,358.43117594718933
1302,266.7806625366211,193.37889075279236,259.1014766693115,358.2919371128082,690.0937843322754,187.41318583488464,703.3173751831055,351.68089270591736
1303,264.02360916137695,199.55976247787476,261.9664192199707,364.78360176086426,686.5695762634277,181.60722255706787,705.314826965332,344.89032804965973
1304,261.4914321899414,205.80397725105286,265.0657081604004,371.165172457695,682.8642082214355,175.94616293907166,707.0496368408203,338.08547258377075
1305,259.13721084594727,212.10924983024597,268.3802318572998,377.48824417591095,679.0073776245117,170.37483930587769,708.5625457763672,331.2680160999298
1306,257.0419692993164,218.48320841789246,271.9426918029785,383.6629843711853,674.952335357666,164.98160362243652,709.7922134399414,324.43517446517944
1307,255.12333869934082,224.89826917648315,275.70356369018555,389.7689098119736,670.7711791992188,159.6781039237976,710.8102798461914,317.61429011821747
1308,253.44263076782227,231.37654423713684,279.69926834106445,395.74631452560425,666.4128684997559,154.52568769454956,711.5692520141602,310.7853591442108
1309,251.993408203125,237.8946340084076,283.9101505279541,401.58774733543396,661.9018936157227,149.52548146247864,712.0793151855469,303.97306859493256
1310,250.73741912841797,244.4575273990631,288.3218765258789,407.34236508607864,657.2641181945801,144.62167382240295,712.3773765563965,297.17312157154083
1311,249.74624633789062,251.06348633766174,292.96348571777344,412.9214456677437,652.4510192871094,139.90702629089355,712.4040412902832,290.38738489151
1312,248.93709182739258,257.69355297088623,297.77987480163574,418.41390430927277,647.5444221496582,135.2754843235016,712.2406196594238,283.63660275936127
1313,248.38062286376953,264.3644642829895,302.8165626525879,423.74354749917984,642.476692199707,130.81176280975342,711.8236541748047,276.90239667892456
1314,248.0526638031006,271.05216085910797,308.0409622192383,428.92369240522385,637.2889709472656,126.49226903915405,711.1827278137207,270.2096951007843
1315,247.9383945465088,277.76839077472687,313.4513282775879,433.98107796907425,631.9878387451172,122.28446245193481,710.3352928161621,263.54644417762756
1316,248.09529304504395,284.5009070634842,319.07129287719727,438.8355678319931,626.5306663513184,118.27650189399719,709.2275619506836,256.92307233810425
1317,248.4297752380371,291.2405204772949,324.8305320739746,443.59645932912827,621.0171318054199,114.33082222938538,707.9632186889648,250.3496539592743
1318,249.0381145477295,297.9974663257599,330.7993984222412,448.1527814269066,615.3461837768555,110.58083653450012,706.4420127868652,243.81337881088257
1319,249.86592292785645,304.7479909658432,336.9183540344238,452.553513944149,609.5916938781738,106.95666790008545,704.7295761108398,237.3369061946869
1320,250.93119621276855,311.50662660598755,343.2095718383789,456.78846180438995,603.7262535095215,103.47086906433105,702.8082275390625,230.90456128120422
1321,252.25899696350098,318.2548016309738,349.67662811279297,460.8135858178139,597.736759185791,100.17114043235779,700.6540489196777,224.53288793563843
1322,253.78540992736816,324.99151825904846,356.26224517822266,464.70465302467346,591.6949081420898,96.95593357086182,698.345890045166,218.219633102417
1323,255.59572219848633,331.7165833711624,363.0372619628906,468.3618450164795,585.5078887939453,93.95161271095276,695.7859039306641,211.9655692577362
1324,257.61159896850586,338.41039538383484,369.9141597747803,471.86056673526764,579.2756652832031,91.05051398277283,693.072566986084,205.7836353778839
1325,259.89206314086914,345.0878083705902,376.9551944732666,475.146716684103,572.9241943359375,88.32489609718323,690.1370429992676,199.66050624847412
1326,262.4228096008301,351.7234432697296,384.1263484954834,478.2163318991661,566.4847755432129,85.77054262161255,687.0002746582031,193.6168134212494
1327,265.1747989654541,358.3232545852661,391.4000415802002,481.1074849963188,559.9869918823242,83.3348286151886,683.701343536377,187.6415491104126
1328,268.2209300994873,364.87884163856506,398.8409900665283,483.7353202700615,553.3542823791504,81.12760663032532,680.1519584655762,181.74736261367798
1329,271.45362854003906,371.3732421398163,406.32511138916016,486.2011085450649,546.7149353027344,79.0052604675293,676.4888191223145,175.93486547470093
1330,274.978609085083,377.81678795814514,413.96533012390137,488.40400144457817,539.9470138549805,77.10384249687195,672.582950592041,170.20363926887512
1331,278.7381362915039,384.1826033592224,421.6819667816162,490.38203939795494,533.1264495849609,75.3648054599762,668.5067939758301,164.56897258758545
1332,282.74033546447754,390.4814225435257,429.48686599731445,492.1379140019417,526.2391662597656,73.78386855125427,664.2534255981445,159.01766896247864
1333,287.0365047454834,396.6914874315262,437.4196529388428,493.60389679670334,519.2403602600098,72.44700193405151,659.7595596313477,153.57612133026123
1334,291.51148796081543,402.80949890613556,445.35192489624023,494.89077776670456,512.2513961791992,71.2027359008789,655.1683616638184,148.22347283363342
1335,296.29383087158203,408.82935762405396,453.41577529907227,495.87149664759636,505.14089584350586,70.21947026252747,650.3231620788574,142.98534393310547
1336,301.294527053833,414.73220229148865,461.5030860900879,496.6159826517105,498.00676345825195,69.4001305103302,645.3313064575195,137.85967469215393
1337,306.54839515686035,420.52185505628586,469.65036392211914,497.09693759679794,490.81140518188477,68.78028273582458,640.1523971557617,132.8452742099762
1338,312.0887088775635,426.1745944619179,477.8789234161377,497.26639956235886,483.5317611694336,68.4199869632721,634.7451210021973,127.96985507011414
1339,317.8026294708252,431.6924160718918,486.0674285888672,497.2284235060215,476.2730884552002,68.18264365196228,629.2426872253418,123.20197105407715
1340,323.8263988494873,437.05814838409424,494.3491744995117,496.85068264603615,468.912992477417,68.23877692222595,623.4845352172852,118.5858142375946
1341,330.04663467407227,442.2579512000084,502.5975036621094,496.2215892970562,461.5599060058594,68.47454309463501,617.5988960266113,114.1064178943634
1342,336.5181255340576,447.29218661785126,510.86666107177734,495.29690712690353,454.16250228881836,68.94530296325684,611.5235710144043,109.7707986831665
1343,343.2642459869385,452.129368185997,519.1653442382812,494.0332768857479,446.7121410369873,69.70609545707703,605.2278900146484,105.6151020526886
1344,350.1607131958008,456.7857179045677,527.3724746704102,492.5484408438206,439.30678367614746,70.61146974563599,598.8498687744141,101.58776521682739
1345,357.3555850982666,461.2238994240761,535.6193161010742,490.6930857896805,431.83470726013184,71.84588670730591,592.2221374511719,97.76014566421509
1346,364.72500801086426,465.44415414333344,543.7825012207031,488.5688607394695,424.39656257629395,73.28835725784302,585.476016998291,94.0998637676239
1347,372.3164463043213,469.43804919719696,551.9031143188477,486.13317489624023,416.954984664917,74.99063730239868,578.558464050293,90.62227249145508
1348,380.1733875274658,473.16913336515427,560.0066757202148,483.32541704177856,409.49028968811035,77.02775359153748,571.4185523986816,87.37558722496033
1349,388.1234836578369,476.6702811419964,567.9438400268555,480.3055661916733,402.1189785003662,79.21505212783813,564.2336082458496,84.2795991897583
1350,396.35169982910156,479.8846632242203,575.8625221252441,476.88973277807236,394.7226619720459,81.76840782165527,556.8074798583984,81.43637180328369
1351,404.72408294677734,482.8201934695244,583.6440467834473,473.1865945458412,387.3968982696533,84.56902027130127,549.2718315124512,78.80634784698486
1352,413.26489448547363,485.47313421964645,591.3071823120117,469.1766867041588,380.1228904724121,87.63977408409119,541.5993690490723,76.39358282089233
1353,422.0482349395752,487.78793558478355,598.8948440551758,464.7650107741356,372.87205696105957,91.09322547912598,533.7104988098145,74.27674055099487
1354,430.8576965332031,489.8298355937004,606.2472724914551,460.1591295003891,365.7656192779541,94.70448732376099,525.8137893676758,72.33534693717957
1355,439.8952388763428,491.51401475071907,613.5018539428711,455.15061914920807,358.6996364593506,98.70578527450562,517.7070808410645,70.7033622264862
1356,449.05131340026855,492.85216480493546,620.5725288391113,449.8281133174896,351.74471855163574,103.00822019577026,509.49113845825195,69.34808492660522
1357,458.28243255615234,493.86083364486694,627.4307441711426,444.2350074648857,344.92032051086426,107.56850123405457,501.2024688720703,68.23932409286499
1358,467.7055263519287,494.46065336465836,634.1373825073242,438.232923746109,338.18690299987793,112.5399649143219,492.7265739440918,67.48950719833374
1359,477.1134567260742,494.7287629544735,640.5643272399902,432.02151507139206,331.6438579559326,117.71980404853821,484.2505073547363,66.9776451587677
1360,486.6474723815918,494.58800330758095,646.7879676818848,425.44862776994705,325.235595703125,123.27075362205505,475.6394863128662,66.81291460990906
1361,496.2718391418457,494.0196619927883,652.7739143371582,418.5270720720291,318.9974784851074,129.18759942054749,466.9230079650879,67.01607584953308
1362,505.8428192138672,493.1016907095909,658.4506416320801,411.40795558691025,312.98197746276855,135.3192901611328,458.22421073913574,67.476407289505
1363,515.5237197875977,491.7093063890934,663.8830947875977,403.89564871788025,307.15049743652344,141.872398853302,449.3950939178467,68.36259841918945
1364,525.1559257507324,489.9137941002846,668.9912796020508,396.14558815956116,301.5698719024658,148.6965823173523,440.57207107543945,69.5788300037384
1365,534.7653007507324,487.6929894089699,673.7837791442871,388.12432408332825,296.2359809875488,155.82927346229553,431.7275047302246,71.15313649177551
1366,544.4047164916992,484.96666744351387,678.2601928710938,379.74561274051666,291.1630439758301,163.36442470550537,422.81704902648926,73.19051027297974
1367,553.8709831237793,481.87707245349884,682.3523712158203,371.2345826625824,286.4047050476074,171.08258843421936,414.00821685791016,75.51370024681091
1368,563.3103561401367,478.2871261239052,686.092472076416,362.4064350128174,281.9468307495117,179.17224884033203,405.1771545410156,78.29580545425415
1369,572.6566314697266,474.2086610198021,689.4430160522461,353.3141487836838,277.8307914733887,187.5869607925415,396.3822555541992,81.52781367301941
1370,581.7886161804199,469.7515860199928,692.3820877075195,344.1022092103958,274.0745258331299,196.1872923374176,387.7171325683594,85.07943391799927
1371,590.8216667175293,464.76493030786514,694.9065971374512,334.60437297821045,270.695743560791,205.14193296432495,379.0934371948242,89.13783073425293
1372,599.6284675598145,459.345760345459,696.9876480102539,324.9632102251053,267.72668838500977,214.31450843811035,370.61694145202637,93.59759330749512
1373,608.1983757019043,453.5032171010971,698.624095916748,315.1876848936081,265.1728820800781,223.69848489761353,362.29236602783203,98.45096468925476
1374,616.5597724914551,447.1498176455498,699.78515625,305.21329522132874,263.0738353729248,233.3603274822235,354.10975456237793,103.80985736846924
1375,624.587459564209,440.43059438467026,700.4763221740723,295.202454328537,261.4324951171875,243.14180731773376,346.1660099029541,109.51810240745544
1376,632.3240089416504,433.27048033475876,700.6804847717285,285.0846093893051,260.2704048156738,253.11344504356384,338.431978225708,115.66572546958923
1377,639.7439575195312,425.64555287361145,700.3665161132812,274.8718786239624,259.62498664855957,263.2644259929657,330.9441661834717,122.29305624961853
1378,646.7464256286621,417.7299812436104,699.5791053771973,264.7165524959564,259.4678020477295,273.44262063503265,323.7715530395508,129.21453952789307
1379,653.382568359375,409.393450319767,698.2683563232422,254.52298879623413,259.8464870452881,283.74289870262146,316.8917942047119,136.58215999603271
1380,659.5991134643555,400.67670822143555,696.4246559143066,244.3591332435608,260.7779788970947,294.09659028053284,310.36253929138184,144.36537265777588
1381,665.3450775146484,391.7342984676361,694.1177558898926,234.32093381881714,262.2150421142578,304.4027101993561,304.2063331604004,152.4012815952301
1382,670.642204284668,382.43918895721436,691.2748718261719,224.35055136680603,264.21921730041504,314.7194677591324,298.4365940093994,160.83778381347656
1383,675.4411697387695,372.87910401821136,687.9207229614258,214.5338273048401,266.7769145965576,324.95657980442047,293.1017303466797,169.59280371665955
1384,679.735164642334,363.14516365528107,684.115104675293,204.89927887916565,269.85011100769043,335.0762915611267,288.19284439086914,178.5725498199463
1385,683.5122299194336,353.1714338064194,679.7989654541016,195.45475959777832,273.4822940826416,345.07245540618896,283.75139236450195,187.85710215568542
1386,686.7455291748047,343.05579364299774,675.0204277038574,186.27156257629395,277.6383590698242,354.8648464679718,279.80435371398926,197.35254049301147
1387,689.4541168212891,332.83849239349365,669.8235511779785,177.32989311218262,282.2940158843994,364.4610124826431,276.32534980773926,207.01785922050476
1388,691.6100120544434,322.502760887146,664.1684532165527,168.684983253479,287.4686908721924,373.8097447156906,273.367223739624,216.8782925605774
1389,693.2120704650879,312.1398961544037,658.1181335449219,160.380220413208,293.11388969421387,382.8541535139084,270.9332084655762,226.84465169906616
1390,694.2913627624512,301.7550802230835,651.7018890380859,152.3647177219391,299.21865463256836,391.6298049688339,268.99048805236816,236.9114327430725
1391,694.8140716552734,291.3631349802017,644.8941421508789,144.72499251365662,305.78158378601074,400.0590652227402,267.5926208496094,247.06711292266846
1392,694.8013687133789,281.045942902565,637.7691078186035,137.4769127368927,312.7442264556885,408.1072613596916,266.7234992980957,257.23016381263733
1393,694.2905616760254,270.772106051445,630.3366851806641,130.53882122039795,320.1148223876953,415.8369156718254,266.34870529174805,267.43077635765076
1394,693.2405662536621,260.5761444568634,622.5763893127441,124.02378916740417,327.8793525695801,423.1533354520798,266.5209674835205,277.63414084911346
1395,691.6925239562988,250.53038120269775,614.5718193054199,117.92328715324402,335.97015380859375,430.0397515296936,267.2090721130371,287.7656650543213
1396,689.6863174438477,240.58008313179016,606.3212585449219,112.13293433189392,344.4081115722656,436.5745943784714,268.38157653808594,297.8775876760483
1397,687.1635246276855,230.75708270072937,597.7861404418945,106.7860472202301,353.1907081604004,442.6583996415138,270.09572982788086,307.93616116046906
1398,684.1830825805664,221.1404299736023,589.0682601928711,101.86782002449036,362.22827911376953,448.2757258415222,272.30835914611816,317.8565740585327
1399,680.8004951477051,211.66346669197083,580.1739120483398,97.24332690238953,371.5363311767578,453.520485162735,274.98209953308105,327.6983231306076
1400,676.9129371643066,202.33153581619263,571.0092544555664,93.06941270828247,381.1644172668457,458.2929879426956,278.19963455200195,337.4587208032608
1401,672.57568359375,193.228257894516,561.6739654541016,89.3519675731659,391.01500511169434,462.56573885679245,281.91962242126465,347.046035528183
1402,667.9399108886719,184.34584379196167,552.2951889038086,85.90402007102966,400.98509788513184,466.44294172525406,286.0355758666992,356.44348204135895
1403,662.7856636047363,175.5983555316925,542.6243591308594,82.91263818740845,411.2845802307129,469.8323902487755,290.71812629699707,365.757372379303
1404,657.1367454528809,167.06664562225342,532.7317428588867,80.41963219642639,421.83817863464355,472.687578946352,295.94801902770996,374.9019134044647
1405,651.2782859802246,158.85390400886536,522.9228401184082,78.22705507278442,432.34408378601074,475.10157108306885,301.50278091430664,383.7231892347336
1406,644.9391174316406,150.8035111427307,512.870979309082,76.4711844921112,443.11795234680176,477.0169700682163,307.606258392334,392.40854144096375
1407,638.0673980712891,142.9642617702484,502.5628852844238,75.24133801460266,454.16587829589844,478.3656370639801,314.29962158203125,400.9150815010071
1408,630.7406616210938,135.42753338813782,492.11889266967773,74.54379200935364,465.35908699035645,479.1273991763592,321.51474952697754,409.1375595331192
1409,623.2640647888184,128.21971893310547,481.8084526062012,74.13557052612305,476.4068126678467,479.45204839110374,328.99975776672363,416.979424059391
1410,615.2176094055176,121.25478386878967,471.2336540222168,74.3069314956665,487.7208709716797,479.15473356842995,337.1129322052002,424.5951381325722
1411,606.635856628418,114.61605906486511,460.4750347137451,75.09466409683228,499.21417236328125,478.19748267531395,345.8214282989502,431.89523935317993
1412,597.5739097595215,108.38719725608826,449.6283531188965,76.52162075042725,510.783748626709,476.5573225915432,355.07068634033203,438.78903418779373
1413,588.3296012878418,102.55879998207092,438.93153190612793,78.34730386734009,522.1564292907715,474.4078190624714,364.59583282470703,445.21178752183914
1414,578.6377143859863,97.12832450866699,428.1705379486084,80.77664494514465,533.5630416870117,471.5954867005348,374.6341609954834,451.2105640769005
1415,568.4762191772461,92.18444466590881,417.3811912536621,83.89806032180786,544.9692535400391,468.05358678102493,385.1961421966553,456.7096611857414
1416,557.9318046569824,87.80215501785278,406.67710304260254,87.70652890205383,556.2541007995605,463.79026651382446,396.1921977996826,461.62687450647354
1417,547.0987701416016,84.04035687446594,396.166934967041,92.1797776222229,567.3026847839355,458.83200734853745,407.5238227844238,465.89692175388336
1418,536.1094093322754,80.81607341766357,385.91114044189453,97.15751767158508,578.0275726318359,453.30901980400085,419.0668487548828,469.5527780056
1419,524.9024391174316,78.15344452857971,375.8770179748535,102.7045726776123,588.4652137756348,447.17217922210693,430.87337493896484,472.5808444619179
1420,513.5278129577637,76.16808414459229,366.1659622192383,108.87688279151917,598.5247421264648,440.39629966020584,442.8775691986084,474.8925679922104
1421,502.1011734008789,74.88123536109924,356.87713623046875,115.60956001281738,608.1035614013672,433.0529800057411,454.95680809020996,476.463088542223
1422,490.7439994812012,74.29425001144409,348.10086250305176,122.81901597976685,617.109317779541,425.2331551909447,466.9818878173828,477.28847935795784
1423,479.5656681060791,74.38813805580139,339.90466117858887,130.41487097740173,625.4739189147949,417.03405261039734,478.8359069824219,477.38694593310356
1424,468.59999656677246,75.08558750152588,332.2698211669922,138.31643342971802,633.2089805603027,408.5329279303551,490.48038482666016,476.8206886947155
1425,457.7037048339844,76.282217502594,325.03950119018555,146.54736042022705,640.4565811157227,399.69143092632294,502.0591163635254,475.6650361418724
1426,447.12432861328125,78.07130455970764,318.4338855743408,155.00375390052795,647.0221710205078,390.65006375312805,513.3088302612305,473.87383684515953
1427,436.9412040710449,80.39797067642212,312.47446060180664,163.5891830921173,652.8875541687012,381.5103507041931,524.1441535949707,471.5046161413193
1428,427.22265243530273,83.19777846336365,307.1681213378906,172.2078287601471,658.0499267578125,372.372407913208,534.4915008544922,468.6251226067543
1429,418.01416397094727,86.40284657478333,302.5026798248291,180.77693939208984,662.5263404846191,363.32191586494446,544.3013191223145,465.30702352523804
1430,409.3495559692383,89.94278311729431,298.4557628631592,189.21997547149658,666.3443183898926,354.4376027584076,553.5365867614746,461.625152528286
1431,401.2474536895752,93.74858021736145,294.99478340148926,197.47201681137085,669.5417404174805,345.7854348421097,562.1764183044434,457.65266954898834
1432,393.49971771240234,97.78592705726624,291.96072578430176,205.65508246421814,672.2670936584473,337.2332864999771,570.4293823242188,453.403776884079
1433,386.0585689544678,102.04349398612976,289.31373596191406,213.79392385482788,674.5617485046387,328.7574201822281,578.3415412902832,448.89110773801804
1434,379.14562225341797,106.44744515419006,287.1492862701416,221.67508006095886,676.3517189025879,320.58256208896637,585.6887626647949,444.2186164855957
1435,372.75052070617676,110.94760179519653,285.4263210296631,229.26755547523499,677.6826095581055,312.73832380771637,592.4819183349609,439.43984538316727
1436,366.8594169616699,115.49777626991272,284.1038703918457,236.54579401016235,678.5995101928711,305.24837851524353,598.7355995178223,434.6043214201927
1437,361.4527130126953,120.05789637565613,283.1407356262207,243.49273681640625,679.1475677490234,298.1276285648346,604.4704627990723,429.75496530532837
1438,356.5056037902832,124.5953893661499,282.4972629547119,250.10082006454468,679.3696403503418,291.3813525438309,609.7129440307617,424.92682814598083
1439,351.9912528991699,129.0835726261139,282.13608741760254,256.3679838180542,679.3061256408691,285.0088745355606,614.4915962219238,420.1485076546669
1440,347.883825302124,133.4988534450531,282.0226764678955,262.2940993309021,678.9942169189453,279.0077644586563,618.8339996337891,415.44559210538864
